osm_id,osm_type,lat,lon,access,addr:city,addr:housenumber,addr:postcode,addr:street,amenity,check_date,defibrillator:location,description,email,emergency,emergency:phone,id,indoor,latitude,level,longitude,name,note,opening_hours,operator,operator:email,phone,ref,source,website,wheelchair,wikimedia_commons
2822051060,node,47.1815007,8.5795759,,,,,,,,Im Pflegezentrum am Empfang,während Öffnungszeiten verfügbar,,defibrillator,144,node/2822051060,yes,,,,,,,Pflegezentrum Sonnhalde nur bei Betriebszeit,,,,,,,
4716015142,node,47.2006153,8.440947,,,,,,,,Beim Fahrradunterstand beim Hauptparkplatz,,,defibrillator,144,node/4716015142,no,,0,,,,24/7,Kanton Zug,,,,,,yes,File:Defi_lorzenstrasse_cham.jpg
4776728635,node,47.1803206,8.4588047,yes,,,,,,,Neben dem Eingang des Polizeipostens.,,,defibrillator,144,node/4776728635,no,,0,,Polizeidienststelle Cham,,24/7,Kanton Zug,,,,,,yes,
4804424768,node,47.1862791,8.4641722,,,,,,,,"Landwirtschaftliches Berufs- und Bildungszentrum, Aussenwand neben Eingang",,,defibrillator,144,node/4804424768,,,0,,,,24/7,Kanton Zug,,,,,,,
5103296769,node,47.1724013,8.5173405,,,,,,,,Bei der Metalli Apotheke,,,defibrillator,144,node/5103296769,,,0,,,,Mo-Fr 08:00-19:00; Sa 08:00-17:00,,,,,,,,
5706235894,node,47.1809093,8.5219527,,,,,,,,Neben Portierloge,während Öffnungszeiten verfügbar,,defibrillator,144,node/5706235894,no,,,,,,Mo-Fr 07:00-18:00,V-ZUG AG,,,,,,,
6532007589,node,47.1768406,8.5922834,no,,,,,,,TLF Feuerwehr,nur über Notruf erreichbar,,defibrillator,144,node/6532007589,yes,,,,,,,Gemeinde Menzingen,,+41 41 757 22 03,,,,,
6532019400,node,47.1795132,8.5929434,yes,,,,,,,Ochsenmatt Turnhallen / Haupteingang links,,,defibrillator,144,node/6532019400,no,,,,,,24/7,Gemeinde Menzingen,,+41 41 757 22 03,,,,,
6885092109,node,47.191918,8.4784173,,,,,,,,Kundendienst Migros,,,defibrillator,144,node/6885092109,,,1,,,,,,,,,,,,
7006201377,node,47.1665279,8.5151587,,,,,,,,unklar?,,,defibrillator,144,node/7006201377,no,,0,,,,24/7,Kanton Zug,,,,,,,
7074439334,node,47.1324409,8.559856,yes,,,,,,,Haupt-Eingang Schützenhaus,,,defibrillator,144,node/7074439334,no,,,,,,24/7,Einwohnergemeinde Unterägeri,,,,,,,
7120020585,node,47.1731672,8.5180399,yes,,,,,,,Im Seitenflügel vor der Migros an einem Stütrpfeiler,,,defibrillator,144,node/7120020585,yes,,0,,,,,,,,,,,yes,
7255923210,node,47.1812445,8.4587432,,,,,,,,An der Hauswand neben dem Aussen-Bankomaten.,,,defibrillator,144,node/7255923210,no,,0,,Raiffeisenbank Cham-Steinhausen,,24/7,,,,,,,,
7568739427,node,47.1595384,8.5177863,yes,,,,,,,in der Schule,,,defibrillator,144,node/7568739427,no,,,,,,24/7,Kanton Zug,,,,,,,
7568739428,node,47.1598364,8.5155999,yes,,,,,,,Museum für Urgeschichte,,,defibrillator,144,node/7568739428,no,,,,,,24/7,Kanton Zug,,,,,,,
7568739429,node,47.1676399,8.5147738,yes,,,,,,,links vom Gebäude beim Velounterstand,,,defibrillator,144,node/7568739429,yes,,,,,,24/7,Kanton Zug,,,,,,,
7568739431,node,47.1643245,8.5165501,yes,,,,,,,nach Velounterstand rechts an Stützmauer,,,defibrillator,144,node/7568739431,yes,,,,,,24/7,Kanton Zug,,,,,,,
7568739432,node,47.1601087,8.5154761,yes,,,,,,,Schulgebäude Athene,,,defibrillator,144,node/7568739432,no,,,,,,24/7,Kanton Zug,,,,,,,
7568739433,node,47.1698555,8.5159311,yes,,,,,,,,,,defibrillator,144,node/7568739433,no,,0,,,,24/7,Kanton Zug,,,,,,,
7568739434,node,47.1733774,8.5155839,no,,,,,,,"*Aktuell nicht verfügbar!*

Bahnhof neben Gleis 3 Lift","*Aktuell nicht verfügbar!*

EG, Ausgang Richtung Metalli beim Lift zum Gleis 3",,defibrillator,144,node/7568739434,no,,,,,,24/7,,,,,,,limited,
7568739435,node,47.172484,8.516096,yes,,,,,,,Amt für Berufsberatung,,,defibrillator,144,node/7568739435,no,,0,,,,24/7,Kanton Zug,,,,,,yes,
7568739436,node,47.1789016,8.5187237,yes,,,,,,,Gewerblich-Industrielles Bildungszentrum,,,defibrillator,144,node/7568739436,no,,,,,,24/7,"Hochbauamt, Kanton Zug",,+41 41 728 54 00,,,,,
7568739437,node,47.1607774,8.5134085,yes,,,,,,,Verwaltungsgebäude 1,,,defibrillator,144,node/7568739437,,,,,,,24/7,Kanton Zug,,,,,,,
7568739438,node,47.1671447,8.5199685,yes,,,,,,,Verwaltungsgebäude 1,,,defibrillator,144,node/7568739438,no,,,,,,24/7,Kanton Zug,,,,,,no,
7568739439,node,47.1734364,8.509178,yes,,,,,,,"Eingang Rettungsdienst Zug, ZVB-Haus",,,defibrillator,144,node/7568739439,yes,,0,,,,24/7,Rettungsdienst Zug,,+41 41 728 46 60,,,,limited,
7568739440,node,47.173513,8.510094,yes,,,,,,,"im Windfang, öffentlich zugänglich",,,defibrillator,144,node/7568739440,no,,0,,,,24/7,Kanton Zug,,,,,,,
7568739441,node,47.1751886,8.5110301,yes,,,,,,,Schulhaus KBZ,,,defibrillator,144,node/7568739441,no,,,,,,24/7,Kanton Zug,,,,,,,
7568739442,node,47.1743179,8.5107037,yes,,,,,,,Verwaltungsgebäude 1 Links Neben Haupteingang,,,defibrillator,144,node/7568739442,no,,,,,,24/7,Kanton Zug,,,,,,,
7568751056,node,47.19163,8.4757724,yes,,,,,,,Strassenverkehrsamt,Aussenwand rechts vom Haupteingang,,defibrillator,144,node/7568751056,no,,,,,,24/7,Kanton Zug,,,,,,,
7568751057,node,47.1962776,8.4839988,yes,,,,,,,Polizeidienststelle,,,defibrillator,144,node/7568751057,no,,,,,,24/7,Kanton Zug,,,,,,,
7579637108,node,47.1943744,8.5281231,yes,,,,,,2025-07-11,In Polizeidienststelle,,,defibrillator,144,node/7579637108,no,,,,,,24/7,Kanton Zug,,,,,,,
7579637109,node,47.1643519,8.5549942,yes,,,,,,,Vor Haupteingang,,,defibrillator,144,node/7579637109,yes,,,,,,Mo-Sa 08:00-18:00,,,,,,,,
7579637112,node,47.1951432,8.5272274,yes,,,,,,,Eingang West,,,defibrillator,144,node/7579637112,,,,,,,24/7,,,,,,,,
7579637113,node,47.1995798,8.5305933,yes,,,,,,,Eingang Turnhalle,,,defibrillator,144,node/7579637113,no,,,,,,24/7,,,,,,,,
7579637114,node,47.1909208,8.5262145,yes,,,,,,,Beim Haupteingang,,,defibrillator,144,node/7579637114,,,,,,,24/7,,,,,,,,
7579643485,node,47.1779517,8.5895561,yes,,,,,,,In Polizeidienststelle,,,defibrillator,144,node/7579643485,,,,,,,24/7,Kanton Zug,,,,,,,
7579649185,node,47.1749921,8.4266096,yes,,,,,,,"Gemeindeverwaltung, Chamerstrasse 11, Links vom Haupteingang",,,defibrillator,144,node/7579649185,no,,,,,,24/7,Gemeinde,,,,,,,
7579656557,node,47.1341002,8.4653494,yes,,,,,,,Schulhaus Risch,,,defibrillator,144,node/7579656557,,,,,,,24/7,,,,,,,,
7579656843,node,47.1381025,8.5772672,yes,,,,,,,In Polizeidienststelle,,,defibrillator,144,node/7579656843,no,,,,,,24/7,Kanton Zug,,,,,,,
7579656844,node,47.1323156,8.5862057,yes,,,,,,,Schulhaus Schönenbüel,,,defibrillator,144,node/7579656844,no,,,,,,24/7,Einwohnergemeinde Unterägeri,,,,,,,
7579656845,node,47.1383351,8.5816499,yes,,,,,,,Ägerihalle links bei Haupteingang,,,defibrillator,144,node/7579656845,no,,,,,,24/7,Einwohnergemeinde Unterägeri,,,,,,,
7579656846,node,47.1338046,8.5820181,yes,,,,,,,Clubhaus FC Aegeri,Ist infolge Ersatzneubau Clubhaus Ausser Betrieb,,defibrillator,144,node/7579656846,no,,,,,,,Einwohnergemeinde Unterägeri,,,,,,,
7579663109,node,47.1394618,8.4312327,yes,,,,,,,Schulhaus 2 - Neben dem Eingang,,,defibrillator,144,node/7579663109,no,,,,,,24/7,,,,,,,,
7579663110,node,47.1401142,8.4264989,yes,,,,,,,In Polizeidienststelle,,,defibrillator,144,node/7579663110,,,,,,,,Kanton Zug,,,,,,,
7579666737,node,47.1528997,8.4406014,yes,,,,,,2025-04-21,Bei Aussenzugang Keller,,,defibrillator,144,node/7579666737,no,,,,,,24/7,,,,,,,no,
7579685231,node,47.1348711,8.6117866,yes,,,,,,,Bei Kantonalbank,,,defibrillator,144,node/7579685231,,,,,,,24/7,Einwohnergemeinde Oberägeri,,,,,,,
7579685232,node,47.1360471,8.6136192,yes,,,,,,,Dreifachhalle/Musikschule Hofmatt,,,defibrillator,144,node/7579685232,,,,,,,24/7,Einwohnergemeinde Oberägeri,,,,,,,
7579685233,node,47.1358736,8.6091806,yes,,,,,,,im Gesundheitspunkt,,,defibrillator,144,node/7579685233,,,,,,,24/7,Einwohnergemeinde Oberägeri,,,,,,,
7579685234,node,47.1352736,8.6157594,yes,,,,,,,Mehrzweckanlage Maienmatt,,,defibrillator,144,node/7579685234,,,,,,,24/7,Einwohnergemeinde Oberägeri,,,,,,,
7579692882,node,47.1061328,8.6417876,yes,,,,,,,An der Aussenwand bei den Toiletten der Morgartenhütte,,,defibrillator,144,node/7579692882,,,,,,,24/7,Einwohnergemeinde Oberägeri,,,,,,,
7579692883,node,47.1103738,8.6428872,yes,,,,,,,Schulhaus Morgarten,,,defibrillator,144,node/7579692883,yes,,,,,,24/7,Einwohnergemeinde Oberägeri,,,,,,,
7579693163,node,47.1413377,8.6353546,yes,,,,,,,Mehrzweckgebäude Alosen,,,defibrillator,144,node/7579693163,,,,,,,24/7,Einwohnergemeinde Oberägeri,,,,,,,
7579716798,node,47.0932792,8.5199548,yes,,,,,,,"Seebad Walchwil, Artherstrasse 14",Beim Zugangstor zum Seebad,,defibrillator,144,node/7579716798,no,,,,,,24/7,"Einwohnergemeinde Walchwil, Dorfstrasse 23, 6318 Walchwil",,+41417598010,,,,,
7579716799,node,47.1223699,8.5198027,yes,,,,,,,"Sportplatz Lienisberg, Lienisberg 5",Öffentliche Toiletten / Ostseite,,defibrillator,144,node/7579716799,no,,,,,,24/7,"Einwohnergemeinde Walchwil, Dorfstrasse 23, 6318 Walchwil",,+41417598010,,,,,
7579716800,node,47.0987356,8.5168642,yes,,,,,,,"Bahnhof Walchwil, Bahnhofstrasse 3",Bei den Toiletten,,defibrillator,144,node/7579716800,,,,,,,24/7,"Einwohnergemeinde Walchwil, Dorfstrasse 23, 6318 Walchwil",,+41417598010,,,,,
7579716801,node,47.0988533,8.5156348,yes,,,,,,,"Gemeindesaal, Schulhausstrasse 44",Beim Haupteingang,,defibrillator,144,node/7579716801,no,,,,,,24/7,"Einwohnergemeinde Walchwil, Dorfstrasse 23, 6318 Walchwil",,+41417598010,,,,,
7579716802,node,47.100227,8.5132737,yes,,,,,,,"Gesundheitszentrum Walchwil, Dorfstrasse 4",Beim Haupteingang,,defibrillator,144,node/7579716802,no,,,,,,24/7,"Einwohnergemeinde Walchwil, Dorfstrasse 23, 6318 Walchwil",,+41417598010,,,,,
7721013381,node,47.1955322,8.5248797,yes,,,,,,,im Migros,nur während Öffnungszeiten verfügbar,,defibrillator,144,node/7721013381,,,,,,,,,,,,,,,
7721013382,node,47.1924556,8.5264957,yes,,,,,,,In Arztpraxis,nur während Öffnungszeiten verfügbar,,defibrillator,144,node/7721013382,,,,,,,,,,,,,,,
7721013383,node,47.1837772,8.518087,yes,,,,,,,In Arztpraxis,nur während Öffnungszeiten verfügbar,,defibrillator,144,node/7721013383,,,,,,,,,,,,,,,
7721023585,node,47.1960972,8.5234702,yes,,,,,,2026-03-31,In Arztpraxis,nur während Öffnungszeiten verfügbar,,defibrillator,144,node/7721023585,yes,,,,,,,,,,,,,,
7721023586,node,47.1958348,8.5355106,yes,,,,,,,In Arztpraxis,nur während Öffnungszeiten verfügbar,,defibrillator,144,node/7721023586,,,,,,,,,,,,,,,
7721023587,node,47.1963688,8.5209006,yes,,,,,,,In Arztpraxis,nur während Öffnungszeiten verfügbar,,defibrillator,144,node/7721023587,,,,,,,,,,,,,,,
7721023588,node,47.1950073,8.5263669,yes,,,,,,,bei den Theken Links,nur während Öffnungszeiten verfügbar,,defibrillator,144,node/7721023588,yes,,,,,,,,,,,,,,
7721023590,node,47.1970631,8.5226092,yes,,,,,,,Alterszentrum Bahnmatt,Vom Hausteingang links an den Toiletten vorbei und nach der Türe rechts an der Wand,,defibrillator,144,node/7721023590,yes,,0,,,,Mo-Su 08:00-20:00,Alterszentrum,,+41 41 769 89 89,,,,,
7721023591,node,47.194672,8.5224858,yes,,,,,,,Alterszentrum Martinspark,"Im Restaurant im Gartengeschoss, vom Haupteingang eine Etage tiefer, von Treppenhaustüre geradeaus bei Garderobe",,defibrillator,144,node/7721023591,yes,,-1,,,,Mo-Su 08:00-20:00,Alterszentrum,,+41 41 769 89 89,,,,,
7721023593,node,47.2011601,8.5403129,yes,,,,,,,Im Sanitätszimmer beim Badebeisterbüro / Indoors in life guard office,Während Öffnungszeiten verfügbar,,defibrillator,144,node/7721023593,,,0,,,,,,,,,,,limited,
7798131761,node,47.1433003,8.4325111,yes,,,,,,,Am Haus,gemäss Lageplan,,defibrillator,144,node/7798131761,no,,,,,,24/7,,,,,,,,
7798131762,node,47.1444996,8.4341959,yes,,,,,,,Am Haus,gemäss Lageplan,,defibrillator,144,node/7798131762,no,,,,,,24/7,,,,,,,,
7798131763,node,47.1444212,8.4382651,yes,,,,,,2024-10-27,Am Haus,gemäss Lageplan,,defibrillator,144,node/7798131763,no,,,,,,24/7,,,,,,,,
7798131764,node,47.1449131,8.436552,yes,,,,,,2024-10-27,Am Haus,gemäss Lageplan,,defibrillator,144,node/7798131764,no,,,,,,24/7,,,,,,,,
7928159872,node,47.2017504,8.4349895,yes,,,,,,,"""Aussenwand Eingang MZH""",,,defibrillator,144,node/7928159872,no,,0,,,,24/7,Einwohnergemeinde Cham,,,,,,,
7928159873,node,47.2127289,8.4522092,yes,,,,,,,Alte Käserei an der Hausfassade,,,defibrillator,144,node/7928159873,no,,0,,,,24/7,Einwohnergemeinde Cham,,,,,,,
7928159874,node,47.1825285,8.4612241,,,,,,,,Metzgerei in der Migros,während Öffnungszeiten verfügbar,,defibrillator,144,node/7928159874,,,0,,,,,,,,,,,,
7928159878,node,47.1829277,8.4547278,,,,,,,,Beim Bademeister / Kiosk,während Öffnungszeiten verfügbar,,defibrillator,144,node/7928159878,,,0,,,,,,,,,,,,
7928159879,node,47.1961318,8.4570587,,,,,,,,Im Stadion,während Öffnungszeiten verfügbar,,defibrillator,144,node/7928159879,,,0,,,,,,,,,,,yes,
7928159880,node,47.1893989,8.4619739,,,,,,,,Im Reiterstübli,während Öffnungszeiten verfügbar,,defibrillator,144,node/7928159880,,,0,,,,,,,,,,,yes,
7928159881,node,47.1806231,8.4582962,,,,,,,,Haupteingang rechts,während Öffnungszeiten verfügbar,,defibrillator,144,node/7928159881,yes,,0,,Mandelhof,,,Einwohnergemeinde Cham,,,,,,yes,
7928159882,node,47.1810632,8.4579572,,,,,,,,Praxis Dr. Diiana Weinberger,während Öffnungszeiten verfügbar,,defibrillator,144,node/7928159882,no,,0,,,,,,,,,,,yes,
7928159883,node,47.1799252,8.4572069,,,,,,,,Praxis Dr. Rolf Oetiker,während Öffnungszeiten verfügbar,,defibrillator,144,node/7928159883,,,0,,,,,,,,,,,yes,
7928159884,node,47.1779781,8.4555365,,,,,,,,Praxis Dr. Urs Müller,während Öffnungszeiten verfügbar,,defibrillator,144,node/7928159884,,,0,,,,,,,,,,,yes,
7928182485,node,47.1753563,8.4511605,,,,,,,,Prxis Dr. Rebmann,während Öffnungszeiten verfügbar,,defibrillator,144,node/7928182485,,,0,,,,,,,,,,,yes,
7928182486,node,47.182132,8.4664316,,,,,,,,Praxis Mladen Misic,während Öffnungszeiten verfügbar,,defibrillator,144,node/7928182486,,,0,,,,,,,,,,,yes,
7928182487,node,47.1808969,8.4557873,,,,,,,,Ärztehaus,während Öffnungszeiten verfügbar,,defibrillator,144,node/7928182487,,,0,,,,,,,,,,,yes,
7928182488,node,47.1811576,8.4550524,,,,,,,,Andreasklinik,während Öffnungszeiten verfügbar,,defibrillator,144,node/7928182488,,,0,,,,,,,,,,,yes,
7928182489,node,47.1789102,8.4576595,,,,,,,,Dr. Seiler,während Öffnungszeiten verfügbar,,defibrillator,144,node/7928182489,yes,,0,,,,,,,,,,,yes,
7928182490,node,47.1789494,8.4577601,,,,,,,,Dr. Beat Muff,während Öffnungszeiten verfügbar,,defibrillator,144,node/7928182490,yes,,0,,,,,,,,,,,yes,
7928182491,node,47.1772525,8.4538722,,,,,,,,Praxis Dr. Peter Gonschior,während Öffnungszeiten verfügbar,,defibrillator,144,node/7928182491,,,0,,,,,,,,,,,yes,
7928182492,node,47.1850371,8.4558819,yes,,,,,,,"An der Wand des Feuerwehrgebäudes, beim Seiteneingang",,,defibrillator,144,node/7928182492,no,,0,,,,24/7,Gemeinde Cham,,,,,,no,
7928182493,node,47.1826798,8.4634752,yes,,,,,,05.07.2023,Aussenwand Turnhalle / Veloständer,,,defibrillator,144,node/7928182493,no,,0,,Turnhalle Städtli 1,,24/7,Einwohnergemeinde Cham,,,,,,yes,
7928182494,node,47.1807474,8.4598052,,,,,,,,Neben dem Eingang im Sanitätszimmer,während Öffnungszeiten verfügbar,,defibrillator,144,node/7928182494,yes,,0,,Lorzensaal,,,Einwohnergemeinde Cham,,,,,,yes,
7928195409,node,47.1775906,8.4260472,yes,Hünnenberg,1,6331,Lindenpark,,,Beim Eingang links,Weisser Kasten,,defibrillator,144,node/7928195409,yes,,0,,,,Mo-Su 07:00-18:00,Lifetec AG,,+41 800 122 144,1615LTC,,,,
7928195410,node,47.1756608,8.4249003,,,,,,,,Arztpraxis Dr. Illi,während Öffnungszeiten verfügbar,,defibrillator,144,node/7928195410,,,0,,,,,,,,,,,,
7928195411,node,47.1791667,8.4240405,,,,,,,,Arztpraxis Hürlimann/Hegglin,während Öffnungszeiten verfügbar,,defibrillator,144,node/7928195411,,,0,,,,,,,,,,,,
7928195412,node,47.1698256,8.4525962,,,,,,,,"Eingang, Badi Hünenberg","Aussenwand, links vor Eingang",,defibrillator,144,node/7928195412,,,,,,,24/7,EWG Hünenberg,,,,,,,
7928195413,node,47.1733142,8.4310976,,,,,,,,"Im Feuerwehrdepot, Zentrumstrasse 12, in den Fahrzeugen Hüno 1 & 3",,,defibrillator,144,node/7928195413,yes,,0,,,,"Mo-Fr 08:00-12:00, 13:00-17:00",Gemeinde,,+41417802521,,,,,
7928195414,node,47.1761968,8.4464049,yes,,,,,,,"Schulhaus Kemmatten, Huobstrasse 30, Links vom Eingang Ostseite",,,defibrillator,144,node/7928195414,no,,0,,,,24/7,Gemeinde,,,,,,,
7928195415,node,47.1773938,8.4472584,,,,,,,,"Eingang Primarschule, Schulhaus Eichmatt, West Seite","Aussenwand, links vor Aussentüre",,defibrillator,144,node/7928195415,,,0,,,,24/7,EWG Hünenberg,,,,,,,
7928195416,node,47.1808896,8.426802,yes,,,,,,,"Schulhaus Rony, Lindenbergstrasse 25, Rechts vom Haupteingang",,,defibrillator,144,node/7928195416,no,,0,,,,24/7,Gemeinde,,,,,,,
7928195417,node,47.1733526,8.4300502,yes,,,,,,,"Dreifachturnhalle, Zentrumstrasse 10, Rechts vom Haupteingang",,,defibrillator,144,node/7928195417,no,,0,,,,24/7,Gemeinde,,,,,,,
7928195418,node,47.1743761,8.4278222,yes,,,,,,,"""Saal Heinrich von Hünenberg"", Zentrumstrasse 1, Rechts vom Haupteingang",,,defibrillator,144,node/7928195418,no,,0,,,,24/7,Gemeinde,,,,,,,
7928215767,node,47.2015117,8.5719055,,,,,,,,Feuerwehr,,,defibrillator,144,node/7928215767,,,0,,,,,,,,,,,,
7928222742,node,47.1805578,8.5848123,yes,,,,,,,Pflegeheim Kloster,während Öffnungszeiten verfügbar,,defibrillator,144,node/7928222742,yes,,0,,,,,Institut Menzingen Pflegeheim St. Franziskus,,+41 41 757 44 44,,,,,
7928222743,node,47.1824355,8.5851046,,,,,,,,Eingangsbereich kleine Sporthalle,während Öffnungszeiten verfügbar,,defibrillator,144,node/7928222743,,,0,,,,,Hochbauamt des Kantons Zug,,+41 41 728 54 00,,,,,
7928222744,node,47.1820655,8.5858852,,,,,,,,Mensa,während Öffnungszeiten verfügbar,,defibrillator,144,node/7928222744,,,0,,,,,Hochbauamt des Kantons Zug,,+41 41 728 54 00,,,,,
7928222746,node,47.178805,8.5910806,yes,,,,,,,Ärztezentrum Menzingen,während Öffnungszeiten verfügbar,,defibrillator,144,node/7928222746,yes,,0,,,,,Ärztezentrum Menzingen,,+41 41 757 20 20,,,,,
7928222747,node,47.1776873,8.5912389,yes,,,,,,,"Para-Medical Center""van de Veen""",während Öffnungszeiten verfügbar,,defibrillator,144,node/7928222747,yes,,0,,,,,"Para-Medical Center ""Van de Veen""",,+41 41 755 11 39,,,,,
7928222749,node,47.1787945,8.5899124,yes,,,,,drinking_water,,"Hintereingang Kirche, Vorzeichen, Aufgang",,,defibrillator,144,node/7928222749,yes,,0,,,,Mo-Fr 07:00-19:00,Kirchengemeinde Menzingen,,+41 41 757 00 80,,,,,
7928222750,node,47.1736515,8.6020401,permissive,,,,,,,Büro Ökihof,während Öffnungszeiten verfügbar,,defibrillator,144,node/7928222750,yes,,0,,,,,Gemeinde Menzingen,,+41 41 757 22 03,,,,,
7928222751,node,47.1673038,8.6303046,yes,,,,,,,Haupteingang Schulhaus,,,defibrillator,144,node/7928222751,no,,0,,,,24/7,Gemeinde Menzingen,,+41 41 757 22 03,,,,,
7930220201,node,47.1341367,8.6133134,yes,,,,,,,Gesundheitszentrum,während Öffnungszeiten verfügbar,,defibrillator,144,node/7930220201,,,,,,,,,,,,,,,
7930220203,node,47.1549274,8.652522,yes,,,,,,,an Aussenfassade des Restaurants/Lagerhauses,,,defibrillator,144,node/7930220203,no,,0,,,,24/7,"Stadtverwaltung Zug, Abteilung Sicherheit und Verkehr",,+41 58 728 99 00,,,,limited,
7930220204,node,47.1356128,8.6144587,yes,,,,,,,Feuerwehr,während Öffnungszeiten verfügbar,,defibrillator,144,node/7930220204,,,,,,,,,,,,,,,
7930220205,node,47.1348757,8.6151615,yes,,,,,,,Rathaus,während Öffnungszeiten verfügbar,,defibrillator,144,node/7930220205,,,,,,,,,,,,,,,
7930264284,node,47.1408365,8.4403914,yes,,,,,,,Im Armeeverteilzentrum,während Arbeitszeit verfügbar,,defibrillator,144,node/7930264284,,,,,,,,,,,,,,,
7930278085,node,47.1413081,8.4287426,yes,,,,,,,Infoschalter,während Öffnungszeiten verfügbar,,defibrillator,144,node/7930278085,,,,,,,,,,,,,,,
7930278086,node,47.1508334,8.4345388,yes,,,,,,,Beim Eingang,während Arbeitszeit verfügbar,,defibrillator,144,node/7930278086,,,,,,,,,,,,,,,
7930278087,node,47.1503008,8.433702,yes,,,,,,,Beim Eingang,während Arbeitszeit verfügbar,,defibrillator,144,node/7930278087,,,,,,,,,,,,,,,
7930278088,node,47.1497134,8.4338736,yes,,,,,,,Beim Eingang,während Arbeitszeit verfügbar,,defibrillator,144,node/7930278088,,,,,,,,,,,,,,,
7930278089,node,47.1492756,8.4334606,yes,,,,,,,Beim Eingang,während Arbeitszeit verfügbar,,defibrillator,144,node/7930278089,,,,,,,,,,,,,,,
7930278090,node,47.1491771,8.4327149,yes,,,,,,,Beim Eingang,während Arbeitszeit verfügbar,,defibrillator,144,node/7930278090,,,,,,,,,,,,,,,
7930278091,node,47.1493887,8.4321731,yes,,,,,,,Beim Eingang,während Arbeitszeit verfügbar,,defibrillator,144,node/7930278091,,,,,,,,,,,,,,,
7930278092,node,47.1501585,8.4326988,yes,,,,,,,Beim Eingang,während Arbeitszeit verfügbar,,defibrillator,144,node/7930278092,,,,,,,,,,,,,,,
7930278093,node,47.1502351,8.4315562,yes,,,,,,,Beim Eingang,während Arbeitszeit verfügbar,,defibrillator,144,node/7930278093,,,,,,,,,,,,,,,
7930278094,node,47.1505051,8.4307086,yes,,,,,,,Beim Eingang,während Arbeitszeit verfügbar,,defibrillator,144,node/7930278094,,,,,,,,,,,,,,,
7930278095,node,47.1497864,8.4309071,yes,,,,,,,Beim Eingang,während Arbeitszeit verfügbar,,defibrillator,144,node/7930278095,,,,,,,,,,,,,,,
7930278096,node,47.1433495,8.4274364,yes,,,,,,,Arztpraxis Schöngrund,während Öffnungszeiten verfügbar,,defibrillator,144,node/7930278096,,,,,,,,,,,,,,,
7930278097,node,47.1401947,8.4266397,yes,,,,,,,Praxis Dr. Wolf / Seibl,während Öffnungszeiten verfügbar,,defibrillator,144,node/7930278097,,,,,,,,,,,,,,,
7930278098,node,47.1419061,8.4333142,yes,,,,,,,EG- An der Hausmauer beim Skaterpark.,,,defibrillator,144,node/7930278098,no,,,,,,24/7,,,,,,,,
7930278099,node,47.1414111,8.4317762,yes,,,,,,,Im Zentrum Dorfmatt,während Öffnungszeiten verfügbar,,defibrillator,144,node/7930278099,yes,,,,,,,,,,,,,yes,
7930563029,node,47.1971585,8.4870788,private,,,,,,,Feuerwehr,Nicht öffentlich zugänglich.,,defibrillator,144,node/7930563029,yes,,,,,,,Gemeinde Steinhausen,,,,,,,
7930563030,node,47.1968308,8.4855933,yes,,,,,,,Praxis Dr. Wüest,während Öffnungszeiten verfügbar,,defibrillator,144,node/7930563030,,,,,,,,,,,,,,,
7930563031,node,47.1968098,8.4854311,yes,,,,,,,Praxis Dr. Meier,während Öffnungszeiten verfügbar,,defibrillator,144,node/7930563031,,,,,,,,,,,,,,,
7930563033,node,47.1921986,8.4779719,yes,,,,,,,Kundendienst Do-It,während Öffnungszeiten verfügbar,,defibrillator,144,node/7930563033,,,0,,,,,,,,,,,,
7930563034,node,47.1915857,8.4775715,yes,,,,,,,Kundendienst Micasa,während Öffnungszeiten verfügbar,,defibrillator,144,node/7930563034,,,3,,,,,,,,,,,,
7930563036,node,47.196204,8.4842622,yes,,,,,,,Einwohnerkontrolle: Bei den Briefkästen unten rechts integriert,"Zoll AED 3, mit Kindertaste und CPR Feedback. Inkl. Notfallset: Schere, Rasierer, Beatmungs-Folie, Taschenmaske in Hartbox mit Filter, Gummizug, Handschuhe und Alkoholpads.",,defibrillator,144,node/7930563036,no,,,,,,24/7,Gemeinde Steinhausen,,,,,,,
7930578714,node,47.1381307,8.5793593,yes,,,,,,,Migros beim Infopoint,während Öffnungszeiten verfügbar,,defibrillator,144,node/7930578714,,,,,,,,,,,,,,,
7930578715,node,47.1411265,8.5912362,yes,,,,,,,Klinik Adelheid/Vabene Training,während Öffnungszeiten verfügbar,,defibrillator,144,node/7930578715,,,,,,,,,,,,,,,
7930578716,node,47.1374231,8.5865778,yes,,,,,,,Rezeption des Seminarhotel,während Öffnungszeiten verfügbar,,defibrillator,144,node/7930578716,,,,,,,,,,,,,,,
7930578717,node,47.1377667,8.5856599,yes,,,,,,,Praxis Dr. Stäger,während Öffnungszeiten verfügbar,,defibrillator,144,node/7930578717,,,,,,,,,,,,,,,
7930578718,node,47.1385832,8.587819,yes,,,,,,,Praxis Dr. Iten,während Öffnungszeiten verfügbar,,defibrillator,144,node/7930578718,,,,,,,,,,,,,,,
7930578720,node,47.1377972,8.5783911,yes,,,,,,,Praxis Dr. Zäch,während Öffnungszeiten verfügbar,,defibrillator,144,node/7930578720,,,,,,,,,,,,,,,
7930578721,node,47.1391435,8.5830705,yes,,,,,,,Eingang SH Acher Ost,,,defibrillator,144,node/7930578721,no,,,,,,24/7,Einwohnergemeinde Unterägeri,,,,,,,
7930578722,node,47.1324288,8.5930842,yes,,,,,,,Strandbad Lido,24 / 7,,defibrillator,144,node/7930578722,no,,,,,,24/7,Einwohnergemeinde Unterägeri,,,,,,,
7930578723,node,47.1346669,8.5813043,yes,,,,,,,Ausfahrt Ökihof,In Mauer eingefasst,,defibrillator,144,node/7930578723,no,,,,,,24/7,Einwohnergemeinde Unterägeri,,,,,,,
7930578724,node,47.131215,8.5766055,yes,,,,,,,Im Altersheim,,,defibrillator,144,node/7930578724,yes,,,,,,24/7,,,,,,,,
7930654664,node,47.1675541,8.5162161,yes,,,,,,,Bei der Mobiliar im 1. Stock,während Öffnungszeiten verfügbar,,defibrillator,144,node/7930654664,,,,,,,,,,,,,,,
7930654665,node,47.1814497,8.5034233,permissive,,,,,,,"Hallenbad Herti, bei der Badeaufsicht",während Öffnungszeiten verfügbar,,defibrillator,144,node/7930654665,yes,,0,,"Hallenbad Herti, bei der Badeaufsicht",,,"Stadtverwaltung Zug, Abteilung Sicherheit und Verkehr",sicherheit@stadtzug.ch,+41 58 728 99 00,,,,,
7930654667,node,47.1828457,8.4891379,yes,,,,,,,"Schulanlage Riedmatt, Fassade Velounterstand",,,defibrillator,144,node/7930654667,yes,,0,,,,24/7,"Stadtverwaltung Zug, Abteilung Sicherheit und Verkehr",,+41 58 728 99 00,,,,,
7930654668,node,47.1776672,8.5190472,yes,,,,,,,"Schulanlage Guthirt, zwischen Trakt A und B",,,defibrillator,144,node/7930654668,yes,,0,,,,24/7,"Stadtverwaltung Zug, Abteilung Sicherheit und Verkehr",,+41 58 728 99 00,,,,,
7930654669,node,47.1709794,8.5245152,yes,,,,,,,"Schulhaus Loreto, Trakt 4, bei Briefkasten, (oberer Parkplatz)",,,defibrillator,144,node/7930654669,no,,0,,,,24/7,"Stadtverwaltung Zug, Abteilung Sicherheit und Verkehr",,+41 58 728 99 00,,,,,
7930654670,node,47.17101,8.5236941,permissive,,,,,,,"Hallenbad Loreto, bei der Badeaufsicht",während Öffnungszeiten verfügbar,,defibrillator,144,node/7930654670,yes,,-1,,,,,"Stadtverwaltung Zug, Abteilung Sicherheit und Verkehr",,+41 58 728 99 00,,,,,
7930654671,node,47.1777657,8.5006016,yes,,,,,,,"Letzi Schulhaus, Fassade bei Pavillon EG",,,defibrillator,144,node/7930654671,no,,0,,,,24/7,"Stadtverwaltung Zug, Abteilung Sicherheit und Verkehr",,+41 58 728 99 00,,,,,
7930654673,node,47.162856,8.5199283,yes,,,,,,,"Schulzentrum Maria Opferung, Box bei Toreingang",,,defibrillator,144,node/7930654673,no,,0,,,,24/7,"Stadtverwaltung Zug, Abteilung Sicherheit und Verkehr",,+41 58 728 99 00,,,,,
7930654674,node,47.1631111,8.5192846,yes,,,,,,,"Schulhaus Kirchmatt, Fassade bei Haupteingang",,,defibrillator,144,node/7930654674,no,,0,,,,24/7,"Stadtverwaltung Zug, Abteilung Sicherheit und Verkehr",,+41 58 728 99 00,,,,,
7930654675,node,47.1729395,8.5181433,yes,,,,,,,In der Klubschule,während Öffnungszeiten verfügbar,,defibrillator,144,node/7930654675,,,,,,,,,,,,,,,
7930654676,node,47.1779033,8.5054082,permissive,,,,,,,Im Migros,während Öffnungszeiten verfügbar,,defibrillator,144,node/7930654676,yes,,,,,,,,,,,,,,
7930654677,node,47.1652628,8.5151567,yes,,,,,,,Im Migros,während Öffnungszeiten verfügbar,,defibrillator,144,node/7930654677,,,,,,,,,,,,,,,
7930654678,node,47.1526994,8.5179663,yes,,,,,,,"Schulhaus Gimenen, Holzschopf vor Eingang",,,defibrillator,144,node/7930654678,no,,0,,,,24/7,"Stadtverwaltung Zug, Abteilung Sicherheit und Verkehr",,+41 58 728 99 00,,,,,
7930654679,node,47.1760036,8.5084766,permissive,6300 Zug,2,,General-Guisan-Strasse,,,"Sporthalle Zug, Seiteneingang UG links",während Öffnungszeiten verfügbar,,defibrillator,144,node/7930654679,yes,,-1,,,,,"Stadtverwaltung Zug, Abteilung Sicherheit und Verkehr",,+41 58 728 99 00,,,,,
7930654681,node,47.1686773,8.5248689,yes,,,,,,,"Schulhaus Hänggeli, beim Haupteingang UG",,,defibrillator,144,node/7930654681,no,,0,,,,24/7,"Stadtverwaltung Zug, Abteilung Sicherheit und Verkehr",,+41 58 728 99 00,,,,,
7930654682,node,47.165482,8.5171884,yes,,,,,,,"Burgbachsaal, Hausfassade links (bei Nebeneingang)",,,defibrillator,144,node/7930654682,no,,,,,,24/7,"Stadtverwaltung Zug, Abteilung Sicherheit und Verkehr",,+41 58 728 99 09,,,,,
7930654683,node,47.1752405,8.5020178,permissive,,,,,,,"Strandbad Zug, bei der Badaufsicht",während Betriebszeit verfügbar,,defibrillator,144,node/7930654683,yes,,0,,,,,"Stadtverwaltung Zug, Abteilung Sicherheit und Verkehr",,+41 58 728 99 00,,,,,
7930654684,node,47.1720126,8.5128164,yes,,,,,,,"Parkhaus Neustadtplatz, Rückwand von Parkhaus Kasse (Hinterausgang Musikschule)",,,defibrillator,144,node/7930654684,no,,0,,,,24/7,"Stadtverwaltung Zug, Abteilung Sicherheit und Verkehr",,+41 58 728 99 00,,,,,
7930677686,node,47.1749024,8.5166468,yes,,,,,,,Im Fitnesspark,während Öffnungszeiten verfügbar,,defibrillator,144,node/7930677686,yes,,,,,,,,,,,,,,
7930677687,node,47.1644313,8.5142444,yes,,,,,,,"Casino Zug, Stütze Haupteingang",,,defibrillator,144,node/7930677687,no,,0,,,,24/7,"Stadtverwaltung Zug, Abteilung Sicherheit und Verkehr",,+41 58 728 99 00,,,,,
7930677688,node,47.1642889,8.5133733,permissive,,,,,,,"Seebad Seeliken, bei der Badaufsicht",während dem Badebetrieb,,defibrillator,144,node/7930677688,yes,,0,,,,,"Stadtverwaltung Zug, Abteilung Sicherheit und Verkehr",,+41 58 728 99 00,,,,,
7930677689,node,47.1805505,8.5082178,yes,,,,,,,"Leichtathletikanlage Allmend, Fassade bei Haupteingang",,,defibrillator,144,node/7930677689,no,,0,,,,24/7,"Stadtverwaltung Zug, Abteilung Sicherheit und Verkehr",sicherheit@stadtzug.ch,+41 58 728 99 00,,,,,
7930677690,node,47.1776809,8.5077685,yes,,,,,,,"Fussballstadion Allmend, Fassade links (bei Schuhputzstation, Seiteneingang)",,,defibrillator,144,node/7930677690,yes,,,,,,24/7,"Stadtverwaltung Zug, Abteilung Sicherheit und Verkehr",,+41 58 728 99 09,,,,,
7930677691,node,47.1804539,8.5206995,,,,,,,,"Feuerwehr Zug (FFZ), Hintereingang, Seite Industriestrasse",,,defibrillator,144,node/7930677691,yes,,,,,,Mo-Fr 08:00-17:00,Feuerwehramt Stadt Zug,,+41 58 728 18 18,,,,,
8003897916,node,47.1641182,8.5163486,,,,,,,,,,,defibrillator,144,node/8003897916,,,,,,,,,,,,,,,
8119104497,node,47.1339125,8.6085536,yes,,,,,,,Aussen an Studenhütte,,,defibrillator,144,node/8119104497,no,,,,,,24/7,Einwohnergemeinde Oberägeri,,,,,,,
8165390899,node,47.1513652,8.5210103,,,,,,,,,,,defibrillator,144,node/8165390899,yes,,,,,,,,,,,,,,
8165737450,node,47.1439447,8.5329456,yes,,,,,,,In der Wartehalle der Bergstation,,,defibrillator,144,node/8165737450,yes,,0,,,,24/7,Zugerbergbahn AG,,+41 41 711 53 76,,,,,
8317714104,node,47.1784849,8.4601405,no,,,,,,,Gang vor WC,nur während Öffnungszeiten verfügbar,,defibrillator,144,node/8317714104,yes,,,,Restaurant Villete,,,Einwohnergemeinde Cham,,,,,,,
8317714105,node,47.1796244,8.457166,,,,,,,,Büro Gemeinwesen / Jugilounge,während Öffnungszeiten verfügbar,,defibrillator,144,node/8317714105,yes,,0,,Gemeinwesenbüro / Jugilounge,,,Einwohnergemeinde Cham,,,,,,,
8317714106,node,47.1964963,8.4418322,yes,,,,,,,Aussenwand Eingang Fuhrwerk,24h zugänglich,,defibrillator,144,node/8317714106,no,,0,,Fuhrwerk,,,Einwohnergemeinde Cham,,,,,,,
8317714107,node,47.1842457,8.4544569,,,,,,,,Haupteingang,während Öffnungszeiten verfügbar,,defibrillator,144,node/8317714107,yes,,0,,Schulhaus Röhrliberg 2,,,Einwohnergemeinde Cham,,,,,,,
8317714108,node,47.1806767,8.4566282,yes,,,,,,,Aussenwand beim Eingang Parkhaus,24h/7 zugänglich,,defibrillator,144,node/8317714108,no,,0,,Eingang Parkhaus Rigiplatz,,24/7,Einwohnergemeinde Cham,,,,,,,
8317714109,node,47.1828294,8.4638362,no,,,,,,,Nordtrakt Haupteingang,,,defibrillator,144,node/8317714109,yes,,0,,Schulhaus Städtli 1,,,Einwohnergemeinde Cham,,,,,,yes,
8317714110,node,47.1825745,8.4622269,yes,,,,,,,"""Aussenwand Turnhalle Städtli 2""",,,defibrillator,144,node/8317714110,no,,0,,Schulhaus Städtli 2,,24/7,Einwohnergemeinde Cham,,,,,,yes,
8317714111,node,47.1805562,8.4590197,,,,,,,,Pausenraum,während Öffnungszeiten verfügbar,,defibrillator,144,node/8317714111,yes,,1,,,,,Einwohnergemeinde Cham,,,,,,,
8446285417,node,47.1414652,8.6639873,yes,,,,,,,"am Beleuchtungsmast Parkplatz, bei Eingang Restaurant",,,defibrillator,144,node/8446285417,,,,,,,24/7,Einwohnergemeinde Oberägeri,,,,,,,
8499467017,node,47.1988069,8.5388394,,,,,,,,im Gebäude der 3D AG zwei Defibrillatoren verfügbar,"während Öffnungszeiten verfügbar, über Telefon alarmierbar",,defibrillator,144,node/8499467017,yes,,,,,,Mo-Fr 08:00-16:00,3D AG,,+41 41 768 25 25,,,,,
8513619268,node,47.1959097,8.4570237,yes,,,,,,,Beim Eingangstor bei der Parkuhr,,,defibrillator,144,node/8513619268,no,,,,,,24/7,Gemeinde Cham,,,,,,,
8520333804,node,47.1815063,8.5199393,,,,,,,,Im Eingangsbereich Zugorama,während Öffnungszeiten verfügbar,,defibrillator,144,node/8520333804,yes,,,,,,Mo-Fr 09:00-17:00; Sa 09:00 - 14:00; PH off,V-ZUG AG,,,,,,,
8681975394,node,47.1717122,8.507569,yes,,,,,,,"Seebad Siehbach (Männerbadi), an der Aussenfassade",,,defibrillator,144,node/8681975394,no,,0,,,,24/7,"Stadtverwaltung Zug, Abteilung Sicherheit und Verkehr",,+41 58 728 99 00,,,,,
8702057865,node,47.1730873,8.5147433,,,,,,,,"im Befundraum 1, links unten im weissen Regal",während Öffnungszeiten verfügbar,,defibrillator,144,node/8702057865,yes,,,,,,,Dr. med. Claude Mair-Noack,,+41 41 511 26 26,,,,,
8814162620,node,47.1864861,8.4738305,yes,,,,,,,Empfang Audi,während Öffnungszeiten verfügbar,,defibrillator,144,node/8814162620,yes,,,,,,,Adrian Stecher,,+41 41 748 57 91,,,,,
8814162621,node,47.1871678,8.4730634,yes,,,,,,,Kundendienst Carrosserie & Lack,während Öffnungszeiten verfügbar,,defibrillator,144,node/8814162621,yes,,,,,,,Adrian Stecher,,+41 41 748 57 91,,,,,
8814162622,node,47.1876141,8.4741395,yes,,,,,,22.12.2023,Aussensäule Nebeneingang,24h zugänglich,,defibrillator,144,node/8814162622,no,,,,,,,AMAG,,+41 41 748 57 91,,,,,
8820883648,node,47.1769154,8.5127946,yes,,,,,,,Neben den Toiletten,,,defibrillator,144,node/8820883648,yes,,0,,,,Mo-We 09:00-22:00; Su 10:00-20:00; Th-Fr 09:00-24:00; Sa 10:00-24:00,Freiruum Zug,,,,,,yes,
8831381726,node,47.1729414,8.5999909,yes,,,,,,,Sportplatz Chrüzegg / Haupteingang links,,,defibrillator,144,node/8831381726,no,,,,,,24/7,Gemeinde Menzingen,,+41 41 757 22 03,,,,,
8831381727,node,47.17868,8.5917002,yes,,,,,,,Schützenmatt / Haupteingang links,,,defibrillator,144,node/8831381727,no,,,,,,24/7,Gemeinde Menzingen,,+41 41 757 22 03,,,,,
8831381728,node,47.1780063,8.590807,yes,,,,,,,Raiffeisenbank / im Bankomatenraum,,,defibrillator,144,node/8831381728,yes,,,,,,24/7,Gemeinde Menzingen,,+41 41 757 22 03,,,,,
8831381729,node,47.1825704,8.5703471,yes,,,,,,,Bushaltestelle Edlibach,,,defibrillator,144,node/8831381729,no,,,,,,24/7,Gemeinde Menzingen,,+41 41 757 22 03,,,,,
8835039741,node,47.16163,8.4381223,yes,,,,,,,3. OG im Gang,,,defibrillator,144,node/8835039741,yes,,,,,,Mo-Fr 07:00-18:00,"AVS Systeme AG, Peter Dürger, Bösch 45, 6331 Hünenberg",,+41 79 279 75 85,,,,,
8865156217,node,47.1322451,8.6242969,yes,,,,,,,"Zentrum Breiten, vor Haupteingang",,,defibrillator,144,node/8865156217,no,,,,,,24/7,Zentrum Breiten,,+41 41 754 76 00,,,,,
8875294118,node,47.1816457,8.5285211,,,,,,,,"2. OG, Eingang links",während den Öffnungszeiten verfügbar,,defibrillator,144,node/8875294118,yes,,,,,,Mo-Fr 08:00-17:00,Shell (Switzerland) AG,,+41417694444,,,,,
8912958451,node,47.1939871,8.5229512,,,,,,,,Zimmer 2,,,defibrillator,144,node/8912958451,yes,,,,,,Mo-Th 07:30-12:00; Fr 07:30-15:00,Galexis,,,,,,,
8912958452,node,47.1979917,8.5331627,yes,,,,,,,Angebracht an der Südfassade,,,defibrillator,144,node/8912958452,no,,,,,,24/7,,,,,,,,
8951515805,node,47.1803426,8.4686851,,,,,,,,Beim Bademeister,,,defibrillator,144,node/8951515805,yes,,,,,,"""Badesaison""",Einwohnergemeinde Cham,,,,,,,
8962374918,node,47.171041,8.5144021,yes,,,,,,,direkt neben Haupt-Eingang Haus Bundesplatz 7,,,defibrillator,144,node/8962374918,no,,,,,,24/7,"Citypark Immobilien AG, Rigistrasse 1, 6302 Zug, Kontaktperson: Gabriela Kottmann",,+41 41 783 85 05,,,,,
9007872019,node,47.144806,8.5351923,yes,Zug,,,,,,Schulhaus BPS Eingang,Grüner Kasten,,defibrillator,144,node/9007872019,,,0,,Institut Montana,,24/7,Lifetec AG,,+41 800 122 144,1595LTS,,,,
9112746806,node,47.1978204,8.4851119,yes,,,,,,,Östlich auf der Seite der Bannstrasse beim Velounterstand,,,defibrillator,144,node/9112746806,no,,,,,,24/7,eTeam plus AG Bannstr. 1 - Steinhausen / Martin Hausheer,,+41 79 339 29 05,,,,,
9112938930,node,47.1964293,8.4834736,yes,,,,,,,"Erdgeschoss im Treppenhaus zur Bibliothek, beim Feuerlöscher","Zoll AED 3, mit Kindertaste und CPR Feedback. Inkl. Notfallset: Schere, Rasierer, Beatmungs-Folie, Taschenmaske in Hartbox mit Filter, Gummizug, Handschuhe und Alkoholpads.",,defibrillator,144,node/9112938930,yes,,,,,,,Gemeindeverwaltung Steinhausen,,+41 41 748 11 55,Gemeindesaal Steinhausen,,,,
9131895535,node,47.1687938,8.5155731,yes,,,,,,,In der Apotheke drin,,,defibrillator,144,node/9131895535,yes,,,,,,Mo-Fr 08:00-18:30; Sa 08:00-16:00,Apotheke Spillmann,,+41 41 711 15 47,,,,,
9245669368,node,47.1622227,8.518791,yes,,,,,,,"im Eingangsbereich, rechts neben Treppenaufstieg",,,defibrillator,144,node/9245669368,yes,,,,,,Mo-Fr 07:00-19:00; Sa 07:30-16:30,,,,,,,,
9263312174,node,47.1825221,8.4351464,yes,,,,,,,Bürogebäude (Anmeldung) bei Hauptzutritt Betriebsgelände,,,defibrillator,144,node/9263312174,no,,,,,,24/7,"Biomasse Energie AG, Fildern 5, 6331 Hünenberg",,+41 79 227 76 77,,,,,
9269574817,node,47.098648,8.5176051,yes,,,,,,,Praxis am Wihelbach GmbH,Während Öffnungszeiten verfügbar. Öffnungszeiten können abweichen!,,defibrillator,144,node/9269574817,yes,,,,,,Mo 13:00-19:00; Th 07:30-16:00; We 07:30-12:00; Th 07:30-16:00; Fr 07:30-19:00,Praxis am Wihelbach GmbH,,+41417117120,,,,,
9277221704,node,47.2053609,8.577033,yes,,,,,,,Beim Haupteingang der Turnhalle.,,,defibrillator,144,node/9277221704,no,,,,,,24/7,"Gemeindeverwaltung Neuheim, Dorfplatz 5, 6345 Neuheim",,+41 41 757 21 30,,,,,
9277221706,node,47.2058924,8.5747594,yes,,,,,,,"Beim Kindergarteneingang, welcher in der Nähe des Spielplatzes ist.",,,defibrillator,144,node/9277221706,no,,,,,,24/7,"Gemeindeverwaltung Neuheim, Dorfplatz 5, 6345 Neuheim",,+41 41 757 21 30,,,,,
9296449507,node,47.2010144,8.5710915,yes,,,,,,,Haupteingang Lindenhalle,,,defibrillator,144,node/9296449507,no,,,,,,24/7,"Gemeindeverwaltung Neuheim, Dorfplatz 5, 6345 Neuheim",,+41 41 757 21 30,,,,,
9327261917,node,47.1470016,8.4318142,yes,,,,,,,Lettenstrasse 7/9 am Gebäude angebracht,,,defibrillator,144,node/9327261917,no,,0,,,,24/7,,,,,,,limited,
9360006517,node,47.1782209,8.5147112,yes,,,,,,,Im Siemensparkaus bei der Kasse im EG,,,defibrillator,144,node/9360006517,yes,,,,,,24/7,,,,,,,,
9417976882,node,47.0991213,8.5175136,,,,,,,,"Praxis, Parterre",,,defibrillator,144,node/9417976882,yes,,,,,,"Mo-Fr 08:00-12:00, 13:30-18:00",Ärzte-Walchwil AG,,+41 41 758 10 60,,,,,
9459918657,node,47.1361338,8.5820456,private,,,,,,,Treppenhaus im Erdgeschoss,24h verfügbar (über Türöffnung),,defibrillator,144,node/9459918657,yes,,,,,,24/7,Markus Gössi,,+41 78 839 80 74,,,,,
9524523017,node,47.1658127,8.6299644,yes,,,,,,,Bürogebäude Andy Wickart Haustechnik AG,im Eingangsbereich,,defibrillator,144,node/9524523017,yes,,,,,,Mo-Fr 08:00-17:00,Büro,,+41797184870,,,,,
9530626434,node,47.1979256,8.5331575,,,,,,,2026-03-30,Links neben dem Eingang der Kita ,,,defibrillator,144,node/9530626434,no,,,,,,,,,,,,,,
9605130355,node,47.1811558,8.4821065,yes,,,,,,,Schützenhaus Choller / An Wand neben dem Eingang,,,defibrillator,144,node/9605130355,no,,0,,,,24/7,"Stadtverwaltung Zug, Abteilung Sicherheit und Verkehr",,+41 58 728 99 00,,,,,
9605130356,node,47.182295,8.4866439,yes,,,,,,,"Sportplatz Riedmatt, rechts vom Eingang, draussen",,,defibrillator,144,node/9605130356,no,,0,,,,24/7,"Stadtverwaltung Zug, Abteilung Sicherheit und Verkehr",,+41 58 728 99 00,,,,,
9605130357,node,47.1821748,8.5109147,yes,,,,,,,"Herti Nord, Fassade bei Haupteingang",,sicherheit@stadtzug.ch,defibrillator,144,node/9605130357,no,,0,,,,24/7,"Stadtverwaltung Zug, Abteilung Sicherheit und Verkehr",,+41 58 728 99 00,,,https://www.stadtzug.ch/,,
9605130359,node,47.1845884,8.5230035,yes,,,,,,,Ökihof Zug / Eingang Brocki,,,defibrillator,144,node/9605130359,no,,0,,,,24/7,"Stadtverwaltung Zug, Abteilung Sicherheit und Verkehr",,+41 58 728 99 00,,,,,
9605130360,node,47.1645665,8.5150886,permissive,,,,,,,"Bibliothek Zug, Haupteingang rechts / nach Zwischendurchgang",während Öffnungszeiten verfügbar,,defibrillator,144,node/9605130360,yes,,0,,,,,"Stadtverwaltung Zug, Abteilung Sicherheit und Verkehr",,+41 58 728 99 00,,,,,
9605130361,node,47.1604592,8.5214954,yes,,,,,,,"Friedhof St. Michael, Fassade bei Werkgarage",,,defibrillator,144,node/9605130361,no,,0,,,,24/7,"Stadtverwaltung Zug, Abteilung Sicherheit und Verkehr",,+41 58 728 99 00,,,,,
9605130362,node,47.1491142,8.5084733,yes,,,,,,,"Schulanlage Oberwil, Eingang ZSA links (bei Turnhalle)",,,defibrillator,144,node/9605130362,no,,0,,,,24/7,"Stadtverwaltung Zug, Abteilung Sicherheit und Verkehr",,+41 58 728 99 00,,,,,
9605130363,node,47.139324,8.5045619,yes,,,,,,,"Badeanlage Trubikon, Eingangstüre rechts",,,defibrillator,144,node/9605130363,no,,0,,,,24/7,"Stadtverwaltung Zug, Abteilung Sicherheit und Verkehr",,+41 58 728 99 00,,,,,
9605130364,node,47.1756344,8.5141093,yes,,,,,,,"Stadthaus Zug, bei Briefkasten beim Haupteingang",,,defibrillator,144,node/9605130364,no,,0,,,,24/7,"Stadtverwaltung Zug, Abteilung Sicherheit und Verkehr",,+41 58 728 99 00,,,,,
9605130365,node,47.1756909,8.5133851,yes,,,,,,,"Stadthaus Zug, Eingang West (Betreibungsamt)",,,defibrillator,144,node/9605130365,no,,0,,,,24/7,"Stadtverwaltung Zug, Abteilung Sicherheit und Verkehr",,+41 58 728 99 00,,,,,
9625620056,node,47.1688351,8.5159769,private,,,,,,,VZ Empfang Zug: Grossraumbüro Garderobe 1. OG 1397 LTM,Oranger Koffer,,defibrillator,144,node/9625620056,yes,,1,,,,Mo-Fr 08:00-17:00,VZ VermögensZentrum AG,,+41 41 726 11 11,,,,,
9649190326,node,47.2026757,8.5773316,,,,,,,,In der Einstellhalle beim 3. Tor gerade rein,während Öffnungszeiten verfügbar,,defibrillator,144,node/9649190326,yes,,,,,,,Strickler Reisen AG,,+41417560766,,,,,
9680168817,node,47.173523,8.5150782,yes,,,,,,,Bahnhof in Apotheke,,,defibrillator,144,node/9680168817,yes,,,,,,,gemeinde,,,,,,,
9680997477,node,47.1744073,8.5231899,yes,,,,,,,"Haupteingang, Trakt 1",,,defibrillator,144,node/9680997477,yes,,,,,,Mo-Fr 07:00-18:00,Hochbauamt des Kt. Zug / Claudia Regli,,+41 41 728 54 35,,,,,
9680997478,node,47.1746206,8.5247804,yes,,,,,,,Eingang Sporthallen Trakt 8,,,defibrillator,144,node/9680997478,yes,,,,,,Mo-Fr 07:00-22:00,Kantonsschule Zug / Reto Lehmann,,+41 41 728 13 01,,,,,
9684491181,node,47.1893891,8.5154493,,,,,,,,Neuhofstrasse 23,,,defibrillator,144,node/9684491181,yes,,,,,,Mo-Fr 09:00-16:00,Abbott AG,,+41417684333,,,,,
9684536672,node,47.1769507,8.5171562,private,,,,,,,VZ Corporate Services AG Innere Güterstrasse 2 2.OG bei WC,Oranger Koffer,,defibrillator,144,node/9684536672,yes,,2,,VZ Corporate Services AG,,Mo-Fr 08:00-17:00,Lifetec AG Schweiz,,+41 800 122 144,1398LTM,,,,
9696683817,node,47.140741,8.4318603,,,,,,,,Alterszentrum Dreilinden,,,defibrillator,144,node/9696683817,yes,,,,,,Mo-Fr 08:00-16:00,,,+41 41 790 34 64,,,,,
9724225117,node,47.1610982,8.4434133,,,,,,,,Rothusstrasse 17 1.O.G.,,,defibrillator,144,node/9724225117,yes,,,,,,Mo-Fr 08:30-17:00,Firma,,+41417843535,,,,,
9737589662,node,47.1650881,8.5166493,,,,,,,,"Im Eingangsbereich des Museums Burg Zug, nur zugänglich wenn Museum geöffnet.",während Öffnungszeiten verfügbar,,defibrillator,144,node/9737589662,yes,,,,,,,Museum Burg Zug,,+41 41 728 29 70,,,,,
9752635086,node,47.1277762,8.5921859,,,,,,,,,,,defibrillator,144,node/9752635086,,,0,,,,,,,,,,,,
9775580617,node,47.1811023,8.459678,,,,,,,,"Eingang Ärztezentrum Lorze, Dorfplatz 1","Aussenwand, rechts vom Eingang",,defibrillator,144,node/9775580617,no,,,,,,24/7,Hirslanden,,,,,,,
9784802617,node,47.1962202,8.5398826,yes,,,,,,,"EG, Vorraum Kanzlei, Eingangstür rechts an der Wand",,,defibrillator,144,node/9784802617,yes,,,,,,Mo-Fr 08:00-17:00,"Korporation Baar-Dorf / Frau Corinna Müller, Korporationsschreiberin",,+41 41 766 09 66,,,,,
9804074017,node,47.1949505,8.526865,,,,,,,,Gemeindeverwaltung Baar,Beim Empfang,,defibrillator,144,node/9804074017,yes,,,,,,Mo - Fr 08:00 - 17:00,Gemeinde,,,,,,,
9836095818,node,47.1059152,8.5137121,yes,,,,,,,"Bushaltestelle Oberdorf, Oberdorfstrasse",,,defibrillator,144,node/9836095818,no,,,,,,24/7,Einwohnergemeinde Walchwil,,+41 41 759 80 10,,,,,
9836095819,node,47.1084357,8.5049093,yes,,,,,,2025-06-01,"S-Bahnstation Hörndli, Oberdorfstrasse",Im Warteunterstand,,defibrillator,144,node/9836095819,no,,,,,,24/7,Einwohnergemeinde Walchwil,,+41 41 759 80 10,,,,,
9836097944,node,47.1622218,8.4386547,yes,,,,,,,1.OG Beim Eingang links im Gang gekenzeichnet im Schrank. Mitarbeiter wissen ALLE bescheid,,,defibrillator,144,node/9836097944,yes,,,,,,Mo-Fr 08:00-17:00,Multivac Export AG,,+41 417856516,,,,,
9844029694,node,47.167277,8.4485502,no,,,,,,,"Bei uns Zuhause, beim Eingang",während Anwesenheit verfügbar,,defibrillator,144,node/9844029694,yes,,,,,,,Christian Hofmann,,+41 79 636 19 94,,,,,
9844042532,node,47.1466141,8.4402546,yes,,,,,,,Beim Eingang,während Öffnungszeiten verfügbar,,defibrillator,144,node/9844042532,yes,,,,,,,,,+41 417857010,,,,,
9868285164,node,47.1960202,8.5233005,yes,,,,,,,Im Trainingsraum in der Ecke am Fenster,,,defibrillator,144,node/9868285164,yes,,,,,,Mo-Th 07:00-20:00; Fr 07:00-18:00; Sa 08:00-12:00,"Zoll International Holding B.V., Newtonweg 18, 6662 PV Elst, The Netherlands",,+31 481 366 410,,,,,
9880294517,node,47.1869892,8.4771164,,,,,,,,"Bel Suisse SA, Hinterbergstrasse 15, 6330 Cham","Im 3. Stock des Gebäudes, nur während Büroöffnungszeiten verfügbar",,defibrillator,144,node/9880294517,yes,,,,,,"08:00-12:00,13:30-17:30",,,+41 41 748 73 06,,,,,
9917843274,node,47.1878782,8.4777507,yes,,,,,,,Verkaufsfläche LIDL,während Öffnungszeiten verfügbar,,defibrillator,144,node/9917843274,yes,,,,,,,LIDL Schweiz,,+41716278074,,,,,
9917845070,node,47.1850225,8.517802,yes,,,,,,,Verkaufsfläche LIDL,während Öffnungszeiten verfügbar,,defibrillator,144,node/9917845070,yes,,,,,,,LIDL Schweiz,,+41716278074,,,,,
9979945025,node,47.1378101,8.5811001,yes,,,,,,,Eingang Chilematt Zentrum - linke Seite,,,defibrillator,144,node/9979945025,yes,,0,,,,24/7,Coop Supermarkt Unterägeri Chilematt,,+41 41 754 68 10,,,,limited,
9992168218,node,47.1761786,8.5133178,yes,,,,,,,Windfang Zimmer Biomet,nur während Öffnungszeiten ,,defibrillator,144,node/9992168218,yes,,,,,,Mo-Fr 8:30-17:00,Zimmer Biomet,,,,,,,
9995145711,node,47.1620522,8.4362783,,,,,,,,"2. Stock, Aufenthaltsraum, beim Eingang Küche links auf Augenhöhe",während Öffnungszeiten verfügbar,,defibrillator,144,node/9995145711,yes,,2,,,,,DMB Technics AG,,+41 41 784 30 92,,,,,
10024785518,node,47.1994242,8.540595,,,,,,,,Medela AG,,,defibrillator,144,node/10024785518,yes,,,,,,Mo-Fr 08:00-17:00,Privatunternehmen,,+4141 562 51 51,,,,,
10029620317,node,47.1881086,8.479438,,,,,,,,"bei S-Bahnstation Rigiblick , Eingang links Besi",,,defibrillator,144,node/10029620317,yes,,,,,,Mo-Fr 08:00-16:00,Besi Switzerland,,+41417495111,,,,,
10175279528,node,47.1478154,8.4324896,,,,,,,,Der Defibrillator befindet sich im Büro der GEMÜ Vertriebs AG im 1. OG,,,defibrillator,144,node/10175279528,yes,,1,,,,"Mo-Fr 07:30-12:00, 13:00-17:00","GEMÜ Vertriebs AG, Herr Marco Neeracher",,+41417990555,,,,,
10259502409,node,47.1971092,8.4873743,yes,,,,,,,Feuerwehr Depot Steinhausen,"Zoll AED 3, mit Kindertaste und CPR Feedback. Inkl. Notfallset: Schere, Rasierer, Beatmungs-Folie, Taschenmaske in Hartbox mit Filter, Gummizug, Handschuhe und Alkoholpads.",,defibrillator,144,node/10259502409,no,,,,,,24/7,Gemeinde Steinhausen,,+41417481155,,,,,
10262985509,node,47.1442906,8.5339791,yes,Zug,,,,,,Unter der Passerelle grüne Box,Grüne Box aussen am Haus gut ersichtlich,,defibrillator,144,node/10262985509,no,,0,,,,24/7,Lifetec AG,,+41 800 122 144,1597LTS,,,,
10262989309,node,47.1415982,8.531726,yes,Zug,,,,,,Schulhaus Felsenegg Rechter Eingangsbereich ein Grüner Kasten,Grüner Kasten,,defibrillator,144,node/10262989309,yes,,0,,,,,Lifetec AG,,+41 41 729 11 67,1594LTS,,,,
10282251509,node,47.1920798,8.4912177,yes,,,,,,,Eingang Feldheim 1,"Zoll AED 3, mit Kindertaste und CPR Feedback. Inkl. Notfallset: Schere, Rasierer, Beatmungs-Folie, Taschenmaske in Hartbox mit Filter, Gummizug, Handschuhe und Alkoholpads.",,defibrillator,144,node/10282251509,no,,,,,,24/7,Gemeinde Steinhausen,,+41 41 748 11 55,,,,,
10566993409,node,47.1830543,8.4838303,no,,,,,,,Eingangsbereich,Schlüssel wird benötigt,,defibrillator,144,node/10566993409,yes,,,,,,,Stiftung Eichholz,,+41417486130,,"local_knowledge, defikarte.ch",,,
10583972905,node,47.0998709,8.5209447,yes,,,,,,,"Freizeitanlage Usseregg, Forchwaldstrasse",Aussenbereich des Toilettengebäudes,,defibrillator,144,node/10583972905,no,,0,,,,24/7,"Einwohnergemeinde Walchwil, Dorfstrasse 23, 6318 Walchwil",,+41417598010,,"local_knowledge, defikarte.ch",,,
10588818006,node,47.1914075,8.4831755,yes,,,,,,,Clever Fit Fitnesscenter,"Bei Empfang rechts, während Öffnungszeiten",,defibrillator,144,node/10588818006,yes,,0,,,,,,,,,,,,
10597794606,node,47.192475,8.4552733,,,,,,,,OYM Athlete Health Management,während der Öffnungszeiten via Empfang im Erdgeschoss verfügbar,,defibrillator,144,node/10597794606,yes,,3,,,,Mo-Fr 07:00-21:00,OYM AG,,+41 41 269 69 00,,,,,
10663387505,node,47.1751236,8.4276666,,,,,,,,In der MIGROS,,,defibrillator,144,node/10663387505,yes,,0,,,,Mo-Fr 07:30-19:00; Sa 07:30-17:00,MIGROS Hünenberg,,+41417253250,,,,,
10711631505,node,47.1842765,8.4748299,yes,,,,,,,Schulhaus Alpenblick,,,defibrillator,144,node/10711631505,no,,,,,,24/7,Gemeinde,,,,,,,
10739307205,node,47.1818522,8.5353899,yes,,,,,,,"St. Thomas Kirche, Inwil",Installiert bei der Betonsäule rechts im Aussenbereich beim Eingang vor der Kirche St. Thomas,,defibrillator,144,node/10739307205,no,,,,,,24/7,Kirchgemeinde Baar,,+41 41 760 68 13,,"local_knowledge, defikarte.ch",,,
10763310127,node,47.16087,8.43389,,,,,,,,"4.OG, Eingang",Koffer orange,,defibrillator,144,node/10763310127,yes,,,,Allergopharma AG,,Mo-Th 08:00-16:00; Fr 08:00-15:00,Lifetec AG Schweiz,,+41 800 122 144,,,,,
10763310128,node,47.1813,8.51894,no,,,,,,,"3.OG Eingangsbereich, rechte Seite an Wand.",Koffer orange,,defibrillator,144,node/10763310128,yes,,,,Partners Group AG,,,Lifetec AG Schweiz,,+41 800 122 144,,,,,
10763310129,node,47.1757937,8.5182952,yes,,,,,,,Kopierstation unter dem Tisch,Koffer orange,,defibrillator,144,node/10763310129,yes,,,,QCAM AG,,Mo-Fr 08:00-17:30,Lifetec AG Schweiz,,+41 800 122 144,,,,yes,
10763310130,node,47.18779,8.51501,,,,,,,,3.OG Empfang,Koffer orange,,defibrillator,144,node/10763310130,yes,,,,Mövenpick Holding AG,,"Mo-Fr 08:00-12:00,13:00-17:00",Lifetec AG Schweiz,,+41 800 122 144,,,,,
10763310131,node,47.14432,8.53397,,,,,,,,Mobil Unterwegs,Blauer Rucksack,,defibrillator,144,node/10763310131,yes,,,,Institut Montana Zugerberg,,Mo-Fr 08:00-17:00,Lifetec AG Schweiz,,+41 800 122 144,,,,,
10763310132,node,47.19198,8.44837,yes,,,,,,,Im 2.OG beim Empfang,gelber Koffer,,defibrillator,144,node/10763310132,yes,,2,,INGRAM MICRO GmbH,,"Mo-Fr 08:00-12:00, 13:00-17:30",Lifetec AG Schweiz,,+41 800 122 144,,,,,
10763310133,node,47.21705,8.57773,,,,,,,,Im 2. Stock Werkstattbüro,oranger Koffer,,defibrillator,144,node/10763310133,yes,,,,"Emil Frey AG, Sihlbrugg",,Mo-Fr 07:00-18:30; Fr 07:00-17:00; Sa 09:00-16:00,Lifetec AG Schweiz,,+41 800 122 144,,,,,
10763310134,node,47.18515,8.52113,no,,,,,,,Beim Empfang EG,oranger Koffer,,defibrillator,144,node/10763310134,yes,,,,Partners Group Holding AG,,,Lifetec AG Schweiz,,+41 800 122 144,,,,,
10763310135,node,47.18518,8.52084,no,,,,,,,2. Stock beim Eingang zum Personalrestaurant,oranger Koffer,,defibrillator,144,node/10763310135,yes,,,,Partners Group Holding AG,,,Lifetec AG Schweiz,,+41 800 122 144,,,,,
10763310136,node,47.16833,8.51997,no,,,,,,,Eingangsbereich / Empfang,oranger Koffer,,defibrillator,144,node/10763310136,yes,,,,Iten Immobilien AG,,,Lifetec AG Schweiz,,+41 800 122 144,,,,,
10763310137,node,47.1734424,8.4280779,yes,,,,,,,Pausenplatz Schulhaus Ehret B,in grünem Wandkasten,,defibrillator,144,node/10763310137,no,,,,Gemeinde Hünenberg ZG,,24/7,Lifetec AG Schweiz,,+41 800 122 144,,,,,
10763310138,node,47.18051,8.51816,yes,,,,,,,Werkstatt ( bei Ölpumpe),gelber Koffer,,defibrillator,144,node/10763310138,yes,,,,Auto Wild AG,,"Mo-Fr 07:00-12:00,13:00-17:30; Sa 09:00-12:00",Lifetec AG Schweiz,,+41 800 122 144,,,,,
10763310139,node,47.14845,8.4321,no,,,,,,,1.OG Eingang,oranger Koffer,,defibrillator,144,node/10763310139,yes,,,,Ingenieurbureau Dr. Brehm AG,,,Lifetec AG Schweiz,,+41 800 122 144,,,,,
10763310140,node,47.17361,8.51834,no,,,,,,,"1.OG, Reception im Kopierraum",oranger Koffer,,defibrillator,144,node/10763310140,yes,,,,Wenger Vieli AG,,,Lifetec AG Schweiz,,+41 800 122 144,,,,,
10763310141,node,47.20031,8.53975,no,,,,,,,Lift 2.OG rechts,oranger Koffer,,defibrillator,144,node/10763310141,yes,,,,Soft Landing GmbH,,,Lifetec AG Schweiz,,+41 800 122 144,,,,,
10763310142,node,47.18875,8.47573,yes,,,,,,,Haupteingang im EG,gelber Koffer,,defibrillator,144,node/10763310142,yes,,,,Landis + Gyr AG,,Mo-Th 08:00-17:00; Fr 08:00-16:30,Lifetec AG Schweiz,,+41 800 122 144,,,,,
10763310143,node,47.18867,8.47586,,,,,,,,4. OG gegenüber Liftanlage,gelber Koffer,,defibrillator,144,node/10763310143,yes,,,,Landis + Gyr AG,,Mo-Th 08:00-17:00; Fr 08:00-16:30,Lifetec AG Schweiz,,+41 800 122 144,,,,,
10763310144,node,47.17724,8.51452,no,,,,,,,3.OG;4.OG,gelber Koffer,,defibrillator,144,node/10763310144,yes,,,,Seagen International GmbH,,,Lifetec AG Schweiz,,+41 800 122 144,,,,,
10763310145,node,47.17728,8.51433,,,,,,,,"2.OG, Garderobe",oranger Koffer,,defibrillator,144,node/10763310145,yes,,,,PMG Fonds Management AG,,Mo-Fr 07:30-18:00,Lifetec AG Schweiz,,+41 800 122 144,,,,,
10785128806,node,47.187326,8.5169229,,,,,,,,Wabool Produkte AG,,,defibrillator,144,node/10785128806,yes,,0,,,,"Mo-Fr 08:00-11:45,13:15-17:00",Wabool Produkte AG,,+41417270200,,,,,
10814365405,node,47.1860218,8.5571308,yes,,,,,,,Aussen am Kiosk,,,defibrillator,144,node/10814365405,no,,,,,,24/7,,,,,,,,
10822167843,node,47.182286,8.5272467,,,,,,,,Empfang ConSol - Berufliche Perspektiven,während Öffnungszeiten am Empfang erhältlich,,defibrillator,144,node/10822167843,yes,,,,,,"Mo-Fr 08:00-12:00,13:00-17:00",ConSol - Berufliche Perspektiven,,+41 41 766 48 00,,"local_knowledge, defikarte.ch",,,
10901297106,node,47.1974513,8.4395063,yes,,,,,,,Cafeteria / Schrank am Eingang,während den Öffnungszeiten verfügbar,,defibrillator,144,node/10901297106,yes,,,,,,Mo-Fr 08:30-16:15,Heilpädagogisches Zentrum Hagendorn ,,+41415007000,,"local_knowledge, defikarte.ch",,,
10910676158,node,47.188618,8.5137036,no,,,,,,,Empfang,oranger Koffer,,defibrillator,144,node/10910676158,yes,,,,MET Holding AG,,,Lifetec AG Schweiz,,+41 800 122 144,,,,,
10910676161,node,47.1868819,8.5201283,,,,,,,,Im Schrank bei Empfang,oranger Koffer,,defibrillator,144,node/10910676161,yes,,,,MLL Meyerlustenberger Lachenal Froriep AG,,"Mo-Fr 08:00-12:00,13:30-17:00",Lifetec AG Schweiz,,+41 800 122 144,,,,,
10910676181,node,47.215162,8.570313,yes,,,,,,,Beim Eingang hinter Treppe zum 1.OG,oranger Koffer,,defibrillator,144,node/10910676181,yes,,,,Binelli Automobile AG,,Mo-Fr 07:00-18:30; Sa 09:00-16:00,Lifetec AG Schweiz,,+41 800 122 144,,,,,
10910676182,node,47.1961678,8.5205159,no,,,,,,,2.OG Treppenhaus,oranger Koffer,,defibrillator,144,node/10910676182,yes,,,,e-emergency AG,,,Lifetec AG Schweiz,,+41 800 122 144,,,,,
10911213805,node,47.1812688,8.4586036,,,,,,,,im EG beim Fitness,während den Öffnungszeiten,,defibrillator,144,node/10911213805,yes,,0,,,,Mo-Fr 07:30-17:00,Physiotherapie,,+41 41 781 40 00,,"local_knowledge, defikarte.ch",,,
10946130459,node,47.2042415,8.4323991,yes,,,,,,,Bushäuschen Lorzenmatt,,,defibrillator,144,node/10946130459,no,,0,,,,24/7,Gemeinde Cham,,,,,,,
10946144615,node,47.1868507,8.457858,yes,,,,,,,Aussenfassade,,,defibrillator,144,node/10946144615,no,,0,,,,24/7,Gemeinde Cham,,,,,,,
10946144616,node,47.1837833,8.4540129,yes,,,,,,,"""Aussenwand gegen Sportbahn""",,,defibrillator,144,node/10946144616,no,,0,,,,24/7,Gemeinde Cham,,,,,,,
10946144617,node,47.1829092,8.4559511,yes,,,,,,,"Aussenwand Dreifachsporthalle, Rigistrasse",,,defibrillator,144,node/10946144617,no,,0,,Dreifachsporthalle Röhrliberg,,24/7,Einwohnergemeinde Cham,,,,,,,
10959596602,node,47.1333644,8.5612008,yes,,,,,,,Clubhaus Tennisclub,,,defibrillator,144,node/10959596602,no,,,,,,24/7,Einwohnergemeinde Unterägeri,,,,,,,
10959652715,node,47.138963,8.5822802,yes,,,,,,,Eingang SH Acher Mitte,,,defibrillator,144,node/10959652715,no,,,,,,24/7,Einwohnergemeinde Unterägeri,,,,,,,
10961599805,node,47.1620175,8.4362658,,,,,,,,"1.Stock, bei Druckerzentrum ist Erste Hilfe Ecke mit AED stationiert",,,defibrillator,144,node/10961599805,yes,,1,,,,Mo-Fr 08:00-17:00,CTA Energy Systems AG,,+41 41 766 40 00,,"local_knowledge, defikarte.ch",,,
10970405205,node,47.1363675,8.5878911,yes,,,,,,,Kiosk Minigolf,,,defibrillator,144,node/10970405205,no,,,,,,24/7,Einwohnergemeinde Unterägeri,,+41 41 754 55 07,,"local_knowledge, defikarte.ch",,,
10989527105,node,47.1756535,8.5139966,,,,,,,,Gubelstrasse 22,nur während den Öffnungszeiten verfügbar,,defibrillator,144,node/10989527105,yes,,6,,,,Mo-Fr 08:00-17:00,Eingemietete Firma im Stadthaus Zug,,+41 417269966,,"local_knowledge, defikarte.ch",,,
11034673556,node,47.1826185,8.5240079,yes,,,,,,,Bei der Zürich Versicherung,während Öffnungszeiten verfügbar,,defibrillator,144,node/11034673556,yes,,,,,,,Zürich Versicherungs-Gesellschaft,,,,,,,
11037266774,node,47.1895,8.51546,yes,,,,,,,beim Empfang,,,defibrillator,144,node/11037266774,yes,47.1895,,8.51546,MET Holding AG,,Mo-Fr 09:00-17:30,Lifetec AG,,+41 800 122 144,,,,,
11037266777,node,47.18688,8.52018,no,,,,,,,Im Schrank bei Empfang,,,defibrillator,144,node/11037266777,yes,47.18688,,8.52018,MLL Meyerlustenberger Lachenal Froriep AG,,,Lifetec AG,,+41 800 122 144,,,,,
11038060225,node,47.1802172,8.4503329,yes,,,,,,,Krämermatt 5,aussen ander Fassade beim Hauseingang 5,,defibrillator,144,node/11038060225,no,,0,,,,24/7,Privatperson,,,,,,,
11038063711,node,47.1975278,8.4123444,yes,,16,,Matten,,,An Strasse bei Fussgängerstreifen,Grüner Kasten,,defibrillator,144,node/11038063711,no,,0,,Schulhaus Matten,,24/7,Lifetec AG Schweiz,,+41800 122 144,1429LTS,,,,
11038063829,node,47.1826288,8.5240012,,,,,,,,Zurich HelpPoint Zug,,,defibrillator,144,node/11038063829,yes,,,,,,"Mo-Fr 07:30-12:00,13:30-17:00",Zürich Versicherungs-Gesellschaft AG,,+41800808080,,,,,
11039283405,node,47.1495561,8.5075466,yes,,,,,,,Badeplatz Tellenörtli,,,defibrillator,144,node/11039283405,no,,0,,,,24/7,"Stadtverwaltung Zug, Abteilung Sicherheit und Verkehr",,+41 58 723 99 00,,,,,
11052543405,node,47.181061,8.5182968,,,,,,,,"in der Praxis im EG, beim Eingang rechts an der Wand",während den Öffnungszeiten erreichbar,,defibrillator,144,node/11052543405,yes,,0,,,,Mo-Th 07:30-19:30; Fr 07:30-19:30,Cubus Physio,,,,,,,
11056334005,node,47.1864241,8.4569567,,,,,,,,Im Eingangsbereich des Reha-Zentrum Papieri auf die linke Seite,,,defibrillator,144,node/11056334005,yes,,0,,,,Mo-Th 07:30-19:30; Fr 07:30-17:00,Reha-Zentrum Papieri AG,,+41 41 781 40 00,,"local_knowledge, defikarte.ch",,,
11059278582,node,47.1853515,8.4592539,yes,,,,,,,Aussenwand Eingang,,,defibrillator,144,node/11059278582,no,,,,,,24/7,Einwohnergemeinde Cham,,,,,,,
11059373952,node,47.1784276,8.4514111,yes,,,,,,,Aussenwand Eingang Chinderhuus,,,defibrillator,144,node/11059373952,no,,,,,,,Einwohnergemeinde Cham,,,,,,,
11153219905,node,47.1832231,8.5180843,yes,,,,,,,Lindenstrasse 14,Während Bürozeiten verfügbar,,defibrillator,144,node/11153219905,yes,,2,,,,,IBG Engineering AG,,+41 58 356 66 00,,"local_knowledge, defikarte.ch",,,
11210666237,node,47.1127966,8.5361892,yes,,,,,,,öffentliche WC Anlage,,,defibrillator,144,node/11210666237,no,,0,,,,24/7,"Einwohnergemeinde Walchwil, Dorfstrasse 23, 6318 Walchwil",,+41 41 759 80 10,,"local_knowledge, defikarte.ch",,,
11215265144,node,47.1788006,8.4634972,yes,,,,,,,AED Wiese beim Landungssteg Kursschiff,,,defibrillator,144,node/11215265144,no,,,,,,24/7,Einwohnergemeinde Cham,,+41 41 723 87 94,,,,,
11257044437,node,47.179504,8.5254014,,,,,,,,"Baarermattstrasse 10, 6340 Baar",,,defibrillator,144,node/11257044437,yes,,4,,,,Mo-Fr 08:00-17:00,Sonio AG,,+41 41 768 40 40,,,,,
11309550072,node,47.1978946,8.4895038,yes,,,,,,,"Eingang Mehrzweckgebäude ""Sunnegrund""",,,defibrillator,144,node/11309550072,no,,,,,,24/7,Gemeinde Steinhausen,,+41 41 748 11 55,,"local_knowledge, defikarte.ch",,,
11331051869,node,47.1337269,8.6114825,no,,,,,,,Beim Empfang,während Öffnungszeiten Ägeribad,,defibrillator,144,node/11331051869,yes,,0,,,,,Ägeribad AG,,+41417547500,,,,,
11346336784,node,47.1977112,8.4881306,yes,,,,,,,"Eingang Dreifachturnhalle ""Sunnegrund""","Zoll AED 3, mit Kindertaste und CPR Feedback. Inkl. Notfallset: Schere, Rasierer, Beatmungs-Folie, Taschenmaske in Hartbox mit Filter, Gummizug, Handschuhe und Alkoholpads.",,defibrillator,144,node/11346336784,no,,,,,,24/7,Gemeinde Steinhausen,,+41 41 748 11 55,,"local_knowledge, defikarte.ch",,,
11348652969,node,47.186971,8.4791708,no,,,,,,,"Logistikraum, links neben der Eingangstüre zum Bürotrakt","während Öffnungszeiten verfügbar, ausser Feiertage Kanton Zug, National Feiertage",,defibrillator,144,node/11348652969,no,,1,,,,,OPED AG ,,+41 41 748 53 35,,"local_knowledge, defikarte.ch",,,
11462032664,node,47.1804851,8.4682139,yes,,,,,,22.12.2023,Aussenkasten beim Eingang WC-Anlagen,,,defibrillator,144,node/11462032664,no,,,,,,24/7,Einwohnergemeinde Cham,,+41 41 723 50 50,,survey,,,
11572596269,node,47.18693,8.5207187,no,,,,,,,Zugerstrasse 50,Von 08:00 bis 17:00,,defibrillator,144,node/11572596269,yes,,0,,,,,SIKA,,+41584366800,,,,,
11664485505,node,47.1850629,8.4581078,yes,,,,,,,"neben der Parkhauskasse, immer zugänglich",,,defibrillator,144,node/11664485505,no,,,,,,,sanität24.ch,,,,,,,
11673924669,node,47.1948117,8.523343,,,,,,,,Ibis Hotel,direkt hinter der Notausgangstür,,defibrillator,144,node/11673924669,yes,,0,,,,24/7,ibis Hotel,,,,,,,
11681013769,node,47.1604592,8.4340482,,,,,,,,Dispo Anmeldung,,,defibrillator,144,node/11681013769,yes,,1,,,,Mo-Fr 07:00-16:30,Holcim Kies und Beton AG,,+41588500122,,,,,
11727256169,node,47.1929141,8.4798432,no,,,,,,,Werkhof Steinhausen,Schiller Fred Easy,,defibrillator,144,node/11727256169,yes,,,,,,,Gemeindeverwaltung Steinhausen,,+41 41 748 11 55,,"local_knowledge, defikarte.ch",,,
11750021069,node,47.1617075,8.5185242,yes,,,,,,,Zugerbergstrasse 3c,AED Immer Verfügbar,,defibrillator,144,node/11750021069,no,,,,,,24/7,Schulen St. Michael Zug AG,,+41417271210,,"local_knowledge, defikarte.ch",,,
11750337069,node,47.1946009,8.523497,yes,,,,,,,"Praxis Eigenmann, Sprechzimmer 2",während Praxisöffnungszeiten verfügbar,,defibrillator,144,node/11750337069,no,,1,,,,,Privatperson,,+41 41 763 35 50,,"local_knowledge, defikarte.ch",,,
11795066069,node,47.1891908,8.4745244,,,,,,,,Eingang Empfang neben den Toiletten,,,defibrillator,144,node/11795066069,yes,,,,,,"Mo-Fr 07:30-12:00,13:00-17:00",Heusser Water Solutions AG,,+41 41 747 22 00,,,,,
11802150369,node,47.204041,8.5758966,yes,,,,,,,"Beim Bankomat Raiffeisenbank Neuheim Poststrasse 4, 6345 Neuheim",während Öffnungszeiten verfügbar,,defibrillator,144,node/11802150369,yes,,,,,,05:00-24:00; PH 05:00-24:00,Raiffeisenbank Menzingen-Neuheim,,+41 79 603 93 59,,"local_knowledge, defikarte.ch",,,
11816475034,node,47.1400107,8.4355235,,,,,,,,,,,defibrillator,144,node/11816475034,no,,,,,,,,,,,,,,
11818396369,node,47.1967492,8.536366,,,,,,,,Langgasse 47b,Büro Innen Empfang,,defibrillator,144,node/11818396369,yes,,2,,,,"Mo-Fr 8:00-12:00, 13:30-17:00",Martin Lenz AG,,,,,,,
11837321181,node,47.1874501,8.516622,,Baar,11,6340,Oberneuhofstrasse,,,"1.OG, an Wand neben Kaffeemaschine 1404 LTM",Oranger Koffer,,defibrillator,144,node/11837321181,yes,,1,,KLAFS AG,,"Mo-Fr 08:00-12:00,13:00-17:00",Llifetec AG Schweiz,,+41 800 122 144,1404 LTM,,,,
11873658778,node,47.1768023,8.5180118,private,Zug,78,6300,Baarerstrasse,,,"EG, im Büro nach Treppe rechts an der Wand, nähe Regal 1365LTM",Koffer Schwarz,,defibrillator,144,node/11873658778,yes,,0,,Ammann+Partner AG,,,Lifetec AG Schweiz,,+41 800 122 144,1365LTM,,,,
11893662869,node,47.113127,8.6229908,,,,,,,,Camping Naas,WC,,defibrillator,144,node/11893662869,yes,,,,,,,,,,,"local_knowledge, defikarte.ch",,,
11909793096,node,47.2120797,8.4635636,private,,,,,,,Kommandozentralle 1417LTM,Oranger Koffer,,defibrillator,144,node/11909793096,yes,,1,,BHZ Baustoff Verwaltung AG,,,Lifetec AG Schweiz,,+41 800 122 144,1417LTM,,,,
11917431969,node,47.182299,8.5092162,yes,,,,,,,Vereinshaus Gartenverein,,arealchef@gartenverein-herti.ch,defibrillator,144,node/11917431969,no,,,,,,24/7,Gartenverein Herti,,,,,,,
11917432070,node,47.1822074,8.5045455,yes,,,,,,,"Schulhaus Herti, (Pavillon A, Eingang), Eichwaldstrasse 19",,sicherheit@stadtzug.ch,defibrillator,144,node/11917432070,no,,0,,,,24/7,"Stadtverwaltung Zug, Abteilung Sicherheit und Verkehr",,+41 58 728 99 00,,,,,
11921869170,node,47.1902484,8.4868151,yes,,,,,,,"Allmendstrasse 13/15, neben Briefkasten bei Rampe",allg. Zugänglich,,defibrillator,144,node/11921869170,no,,,,,,24/7,"Frenademez AG, Allmendstrasse 13",,+41 41 749 90 20,,"local_knowledge, defikarte.ch",,,
11929342969,node,47.1807948,8.48961,permissive,,,,,,,"Im Rank 120, Hochparterre rechts, 6300 Zug","Privat, anrufen oder läuten",,defibrillator,144,node/11929342969,yes,,1,,,,Mo-Su 10:00-19:00,Privatperson,,+41798177784,,"local_knowledge, defikarte.ch",,,
11954116269,node,47.1579104,8.4191483,yes,,,,,,,Hofmeister,Beim Bäsebeizli WC,,defibrillator,144,node/11954116269,no,,0,,,,24/7,"Privat, Rima Fontana",,+41792490094,,"local_knowledge, defikarte.ch",,,
11960096225,node,47.1880262,8.4777248,no,,19,,Hinterbergstrasse,,,"3. Im Pausenraum
1431LTM",Oranger Koffer,,defibrillator,144,node/11960096225,yes,,3,,UMB,,,Lifetec AG Schweiz,,+41800 122 144,1431LTM,,,,
11989736469,node,47.1681595,8.5158956,no,,,,,,,"Bahnhofstrasse 2, Eingang Bahnhofstrasse oder Poststrasse möglich",Während den Bürozeiten,,defibrillator,144,node/11989736469,yes,,2,,,,,Eviosys Packaging Switzerland GmbH,,+41417591099,,"local_knowledge, defikarte.ch",,,
12012374169,node,47.195771,8.4842563,yes,,,,,,,Kirchen und Begegnungszentrum Chilematt,"Während Öffnungszeiten zugänglich, Befindet sich in der Garderobe der Reformierten Kirche und Saal 3, Kinder Pads",,defibrillator,144,node/12012374169,yes,,,,,,Mo-Su 08:00-19:00,Kirchengemeinde,,+41417411548,,"local_knowledge, defikarte.ch",,,
12073565570,node,47.1346804,8.5710418,yes,,,,,,,Heizwerk Rain,24/7,,defibrillator,144,node/12073565570,no,,,,,,24/7,Einwohnergemeinde Unterägeri,,+41 41 754 55 07,,"local_knowledge, defikarte.ch",,,
12140032801,node,47.1744064,8.5060036,private,,,,,,,"Physio im Schutzengel, Allmendstrasse 1",Während Öffnungszeiten verfügbar,,defibrillator,144,node/12140032801,yes,,,,,,"Mo-Th 07:30-20:00, Fr 07:30-18:00, Sa 08:30-13:00",Privatperson,,+41417116770,,"local_knowledge, defikarte.ch",,,
12165421601,node,47.1029879,8.518889,yes,,,,,,,"Müller Holzbau, Forchwaldstrasse 55",Hausfassade / Eingang zur Werkstatt,,defibrillator,144,node/12165421601,no,,,,,,24/7,"Einwohnergemeinde Walchwil, Dorfstrasse 23, 6318 Walchwil",,+41417598010,,"local_knowledge, defikarte.ch",,,
12218273201,node,47.0959401,8.521834,yes,,,,,,,Hinterbergstrasse 38,Gegenüber Restaurant Aesch / Aussenkasten in der Rabatte,,defibrillator,144,node/12218273201,no,,,,,,24/7,Einwohnergemeinde Walchwil,,+41417598010,,"local_knowledge, defikarte.ch",,,
12273379783,node,47.1851947,8.5148804,yes,,3,,Unternehmer-park,,,"Factory EG
1490LTM",,,defibrillator,144,node/12273379783,yes,,0,,Partners Group AG,,Mo-Fr 07:00 -18:00,Lifetec AG,,+41800122144,1490LTM,,,,
12273444649,node,47.1858716,8.5163156,yes,,3,,Unternehmer-Park,,,"The Greenery EG
1484LTM",,,defibrillator,144,node/12273444649,yes,,0,,Partners Group AG,,Mo-Fr 07:00 -18:00,Lifetec AG,,+41 800 122 144,1484LTM,,,,
12273449627,node,47.1857749,8.5156773,yes,,3,,Unternehmer-Park,,,"Foundary EG
1488LTM",,,defibrillator,144,node/12273449627,yes,,0,,Partners Group AG,,Mo-Fr 07:00 -18:00,Lifetec AG,,+41 800 122 144,1488LTM,,,,
12306615001,node,47.176515,8.5075432,permissive,,,,,,,"Bossard Arena, Haupteingang, im Gang rechts an Wand vor Aussenfeld-Kasse",,,defibrillator,144,node/12306615001,yes,,0,,,,,Kunsteisbahn Zug AG,,+41417253150,,,,,
12318739101,node,47.198191,8.4840483,private,,,,,,,"Privater AED im Fzg, Firstresponder hier wohnhaft","Zoll AED 3, mit Kindertaste und CPR Feedback. Inkl. Notfallset: Schere, Rasierer, Beatmungs-Folie, Taschenmaske in Hartbox mit Filter, Gummizug, Handschuhe und Alkoholpads.",,defibrillator,144,node/12318739101,yes,,,,,,Mo-Su 09:00-21:00,Claudio Granja (First Responder),,+41 76 513 14 15,,"local_knowledge, defikarte.ch",,,
12335513801,node,47.1425988,8.4251028,yes,,,,,,,Kindergarten ,,,defibrillator,144,node/12335513801,no,,,,,,24/7,,,,,"local_knowledge, defikarte.ch",,,
12339677301,node,47.1813855,8.485136,,,,,,,,"Merck (Schweiz) AG, Chamerstrasse 174, 6300 Zug",während Öffnungszeiten,,defibrillator,144,node/12339677301,yes,,1,,,,"Mo-Th 08:00-16:00, Fr 08:00-12:00",,,+41 41 729 22 22,,"local_knowledge, defikarte.ch",,,
12350596501,node,47.1325164,8.5848713,yes,,,,,,,Ludothek / Kinderkrippe,,,defibrillator,144,node/12350596501,no,,,,,,24/7,Einwohnergemeinde Unterägeri,,+41 41 754 55 07,,"local_knowledge, defikarte.ch",,,
12364857304,node,47.1909665,8.4806943,private,,,,,,,"MB Auto Center Zug AG, Werkstatt, zwischen Fahrzeugaufbereitung und Service-Direktannahme",Während Öffnungszeiten verfügbar,,defibrillator,144,node/12364857304,yes,,0,,,,"Mo-Fr 07:30 - 18:30, Sa 09:00 - 17:00",MB Auto Center Zug AG,,+4141766 65 65,,"local_knowledge, defikarte.ch",,,
12389950406,node,47.1967989,8.4549773,permissive,,,,,,,"1. Zwischengeschoss im Sanitätszimmer bei der Rampe ABNOX AG, Langackerstrasse 25, 6330 Cham",während Öffnungszeiten erreichbar,,defibrillator,144,node/12389950406,yes,,1,,,,Mo - Fr 07:00 - 16:30,ABNOX AG und DOPAG AG,,+41 78 891 51 15,,"local_knowledge, defikarte.ch",,,
12406664801,node,47.1923581,8.5201988,yes,,,,,,,"Friedhof, Bestattungsgebäude",,,defibrillator,144,node/12406664801,no,,0,,,,24/7,Gemeinde,,,,,,,
12433567401,node,47.0950563,8.5241783,yes,,,,,,,"Zentrum Elisabeth, Hinterbergstrasse 41",Der Defibrillator befindet sich bei der Briefkastenanlage,,defibrillator,144,node/12433567401,no,,,,,,24/7,"Zentrum Elisabeth, Hinterbergstrasse 41, 6318 Walchwil",,+41417598282,,"local_knowledge, defikarte.ch",,,
12433789901,node,47.1411247,8.5907668,yes,,,,,,,"Klinik Adelheid (Rehaklinik), Trainingscenter Vabene","Während Öffnungszeiten über Nebeneingang (1. Stock), ansonsten über Haupteingang zugänglich",,defibrillator,144,node/12433789901,yes,,1,,,,24/7,"Klinik Adelheid (Telefonzentrale +041 754 30 00, Dienstarzt Medizin +41 754 32 90)",,,,"local_knowledge, defikarte.ch",,,
12436086201,node,47.162386,8.5740191,,,,,,,,Beim Parkplatz Restaurant Gubel,,,defibrillator,144,node/12436086201,no,,,,,,24/7,Gemeinde Menzingen,,+41 41 757 22 03,,,,,
12451677901,node,47.1387414,8.5756088,yes,,,,,,,Eingang Tiefgarage Überbauung Euli,immer Zugänlich,,defibrillator,144,node/12451677901,no,,,,,,24/7,Privat,,,,,,,
12474381501,node,47.172665,8.5145603,,,,,,,,Mr.Pickwick Pub,Hinterer Teil der Bar. Neben Kücheneingang.,,defibrillator,144,node/12474381501,yes,,0,,,,11:30-01:00,,,,,,,,
12506584501,node,47.192544,8.4800385,permissive,,,,,,,Wasser- und Elektrizitätswerk Steinhausen AG,Während Öffnungszeiten zugänglich,,defibrillator,144,node/12506584501,yes,,1,,,"AED Schiller Fred Easy inkl. Beatmungsmaske, Pads für Kinder und Erwachsene sowie weiteres Zubehör.","Mo-Th 07:15 - 12:00, 13:00 - 16:45; Fr 07:15-12:00, 13:00-16:15",Wasser- und Elektrizitätswerk Steinhausen AG,,+41 41 749 40 30,,aed-source,,,
12522567801,node,47.2124192,8.5616326,private,,,,,,,in der Sammelstelle,während Öffnungszeiten verfügbar,,defibrillator,144,node/12522567801,yes,,,,,,Mo-Fr 07:00-17:00,Firma,,+41449241212,,"local_knowledge, defikarte.ch",,,
12525826801,node,47.2081592,8.5102844,yes,,,,,,,"6340 Baar, Gulmmatt, Gewerbeareal","Bei Eingang Werkstatt Risi Service AG, Werkhof Süd, Nachtdepot",,defibrillator,144,node/12525826801,no,,,,,,24/7,Risi Immobilien AG,,+41417669955,,"local_knowledge, defikarte.ch",,,
12526086001,node,47.1800765,8.4277529,yes,,,,,,,"Lindenbergstrasse 10b, Eingang Quartierhallenbad",,,defibrillator,144,node/12526086001,no,,,,,,,Alfred Müller AG,,,,"local_knowledge, defikarte.ch",,,
12536427601,node,47.1968317,8.4549987,yes,,,,,,,Seiteneingang bei Rampe ABNOX AG,24h zugänglich,,defibrillator,144,node/12536427601,no,,0,,,,24/7,ILICH AG,,+41 78 891 51 15,,"local_knowledge, defikarte.ch",,,
12538752301,node,47.1767404,8.5085106,,,,,,,,"Trainingshalle, Haupteingang, im Gang rechts an Wand",,,defibrillator,144,node/12538752301,yes,,0,,,,,Kunsteisbahn Zug AG,,+41417253150,,,,,
12541847901,node,47.1966348,8.5419452,yes,,,,,,,Schiessanlage Wishalde Baar,Der Defibrilator befindet sich bei der Eingangsrampe zur Schützenstube Wishalde und ist 24/7 zugänglich.,,defibrillator,144,node/12541847901,no,,,,,,24/7,Einwohnergemeinde Baar,,,,"local_knowledge, defikarte.ch",,,
12543091001,node,47.1925748,8.4838666,yes,,,,,,,Strasse,,,defibrillator,144,node/12543091001,no,,,,,,24/7,"Stockwerkeigentum, Knüssel Treuhand Immobilien AG",,+41417982000,,,,,
12581984101,node,47.1469755,8.4292131,yes,,,,,,,"Riedstrasse 1, Eingangsbereich mit Briefkästen hinter Bushaltestelle, links an der Wand",,,defibrillator,144,node/12581984101,yes,,0,,,,24/7,,,,,"local_knowledge, defikarte.ch",,,
12601006901,node,47.1121796,8.6236614,yes,,,,,,,Naasstrasse 85,,,defibrillator,144,node/12601006901,no,,,,,,24/7,Einwohnergemeinde Oberägeri,,+41 41 723 80 00,,"local_knowledge, defikarte.ch",,,
12601009001,node,47.1240697,8.6512452,yes,,,,,,,"Im Böschi, bei Entsorgungsstelle/Unterflurcontaineranlage, mit Solarpannel",,,defibrillator,144,node/12601009001,no,,,,,,24/7,Einwohnergemeinde Oberägeri,,+41 41 723 80 00,Standort 13,"local_knowledge, defikarte.ch",,,
12604666301,node,47.2043727,8.5384262,yes,,,,,,,Deinikon 1,Beim Haupteimgang zum Bürogebäude,,defibrillator,144,node/12604666301,no,,0,,,,24/7,Landis Bau AG,,+41417611824,,"local_knowledge, defikarte.ch",,,
12606461301,node,47.1751576,8.5655487,permissive,,,,,,,"Lassalle-Haus, Bad Schönbrunn, 6313 Edlibach",Rechts von Reception,,defibrillator,144,node/12606461301,no,,,,,,,Lassalle-Haus,,+41 41 757 14 14,,"local_knowledge, defikarte.ch",,,
12606464601,node,47.1745413,8.5664874,,,,,,,,"Lassalle-Haus, Bad Schönbrunn, 6313 Edlibach",Visa-vis vom Saal Eingang,,defibrillator,144,node/12606464601,yes,,,,,,,Lassalle-Haus,,+41766802000,,"local_knowledge, defikarte.ch",,,
12606969601,node,47.1416319,8.6051702,yes,,,,,,,"am Privatgebäude, bei Hofkiosk",,,defibrillator,144,node/12606969601,no,,,,,,24/7,Einwohnergemeinde Oberägeri,,+41 41 723 80 00,,"local_knowledge, defikarte.ch",,,
12610755305,node,47.1754769,8.511755,private,,,,,,,Johnson & Johnson Bürogebäude,Nur zu Bürozeiten via Rezeption zugänglich,,defibrillator,144,node/12610755305,yes,,3,,,,,Privatunternehmen,,,,,,,
12675995201,node,47.1373444,8.5849142,yes,,,,,,,Gemeindehaus,24/7,,defibrillator,144,node/12675995201,no,,,,,,24/7,Einwohnergemeinde Unterägeri,,+41 41 754 55 07,,"local_knowledge, defikarte.ch",,,
12679547401,node,47.1802515,8.5149783,yes,,,,,,,Haupteingang Bürogebäude Landis Bau AG,öffentlich zugänglich,,defibrillator,144,node/12679547401,no,,,,,,24/7,Landis Bau AG,,+41 41 729 19 19,,"local_knowledge, defikarte.ch",,,
12699165401,node,47.1890197,8.4721043,permissive,,,,,,,"Gewerbestrasse 10, 6330 Cham",Büro Aula AG,,defibrillator,144,node/12699165401,yes,,4,,,,"Mo-Fr 08:00-11:45, 13:30-17:00",Aula AG,,+41417487481,,,,,
12704242401,node,47.1757009,8.5140502,,,,,,,,"Stadthaus Zug, 5th floor, next to the elevators",only on week days and during office hours accessible,,defibrillator,144,node/12704242401,yes,,5,,,,"Mo - Fr 8:00 - 12:00, 13:30 - 17:00",SHL Medical AG,,,,"local_knowledge, defikarte.ch",,,
12704538101,node,47.1689362,8.5156274,permissive,,,,,,,Kinderarztpraxis Zug,während Öffnungszeiten verfügbar,,defibrillator,144,node/12704538101,yes,,1,,,,"Mo-Fr 08:00-12:00, 13:00-17:00",Arztpraxis,,+41 41 710 18 18,,"local_knowledge, defikarte.ch",,,
12739161801,node,47.1902411,8.513326,yes,,,,,,,"Bürogebäude ONYX, Eingang links im Sanitätsraum",Während den Öffungszeiten verfügbar,,defibrillator,144,node/12739161801,yes,,0,,,,Mo-Fr 07:00-19:00,Unternehmen,,+41417687668,,"local_knowledge, defikarte.ch",,,
12766042601,node,47.1336048,8.6113403,,,,,,,,"Strandbad, Unterhalb Aussenbad",7/24h,,defibrillator,144,node/12766042601,no,,,,,,24/7,,,,,,,,
12855316002,node,47.1801713,8.5193932,private,,,,,,,In the entrance area on the left side when entering the building at Baarerstrasse 112 stored in a green box.,Accessible during office hours or when granted access to entry of the building.,,defibrillator,144,node/12855316002,yes,,0,,,,08:00-17:00,"Private, company owned.",,+41 75 433 1390,,"local_knowledge, defikarte.ch",,,
12864704601,node,47.1871047,8.5216257,private,,,,,,,Werstatt,Mo-Fr 07:30-12:00  13:30-17:45,,defibrillator,144,node/12864704601,yes,,0,,,,,Binzegger Auto AG,,+41417697082,,,,,
12865317201,node,47.1795499,8.5063204,,,,,,,,Johannespraxis,während der Öffnungszeiten,,defibrillator,144,node/12865317201,yes,,1,,,,,Arztpraxis,,+41417418255,,,,,
12890427801,node,47.2043687,8.5229544,yes,,,,,,,Tennisclub Baar,In der Herrengarderobe (Beschilderung vorhanden),,defibrillator,144,node/12890427801,yes,,,,,,24/7,TC Baar,,,,,,,
12966226601,node,47.1535329,8.5151294,,,,,,,,Klinik Meissenberg (Empfang),während Öffnungszeiten,,defibrillator,144,node/12966226601,yes,,0,,,,Mo-Sa 08:00-18:00,Klinik Meissenberg,,+41 41 726 57 57,,,,,
12968917801,node,47.1399148,8.5850202,yes,,,,,,,"bonaLiving, nach Haupteingang im Eingangsbereich rechts in der Ecke an der Wand",während Öffnungszeiten,,defibrillator,144,node/12968917801,yes,,,,,,Mo - Su 08:00-20:00,bonacasa AG,,+41795551345,,"local_knowledge, defikarte.ch",,,
12969046602,node,47.2033286,8.4307426,,,,,,,,workfashion.com ag,,,defibrillator,144,node/12969046602,yes,,2,,,,Mo-Fr 8:00-16:00,workfashion.com ag,,+41417848484,,,,,
13004522802,node,47.1467436,8.4267497,permissive,,,,,,,"im Gebäude, 2. OG",während den Öffnungszeiten per Telefon erreichbar (Mittagspause von 11:30-13:00 Uhr),,defibrillator,144,node/13004522802,yes,,2,,,,Mo-Fr 08:00-17:00,Firma,,+41415110999,,"local_knowledge, defikarte.ch",,,
13027229301,node,47.1859091,8.5241178,private,,,,,,,Tennisclub Zug,während Öffnungszeiten verfügbar,,defibrillator,144,node/13027229301,yes,,0,,,,,Privatperson,,,,,,,
13086811535,node,47.1437438,8.5333184,yes,ZUG,,,,,,Links vom Chalet Suisse,Grüner Kasten,,defibrillator,144,node/13086811535,,,0,,Institut Montana,,24/7,Lifetec AG,,+41 800 122 144,1596LTS,,,,
13088753001,node,47.189625,8.5127252,yes,,,,,,,Hintereingang der Satisloh AG,während Bürozeiten verfügbar,,defibrillator,144,node/13088753001,yes,,1,,,,"Mo-Th 08:00-17:00, Fr 08:00-17:00",Satisloh AG,,+41 41 766 16 16,,"local_knowledge, defikarte.ch",,,
13112366801,node,47.1888362,8.5157911,permissive,,,,,,,Oberneuhofstrasse 3,Defi befindet sich an de Säule,,defibrillator,144,node/13112366801,no,,3,,,,"Mo-Fr 07:30-12:00, Mo-Th 13:00-17:00, Fr 13:00-15:45",Trigress Armaturen AG,,+41 41 560 60 60,,"local_knowledge, defikarte.ch",,,
13114604901,node,47.1497718,8.4422743,permissive,,,,,,,Restaurant,Während Öffnungszeiten verfügbar,,defibrillator,144,node/13114604901,yes,,,,,,,Golfpark Holzhäusern,,+41 58 568 07 00,,"local_knowledge, defikarte.ch",,,
13114626701,node,47.195515,8.5290854,yes,,,,,,,Feuerwehrdepot bei Eingang,jederzeit zugänglich,,defibrillator,144,node/13114626701,no,,,,,,24/7,Einwohnergemeinde Baar,,+41417690111,,"local_knowledge, defikarte.ch",,,
13149457201,node,47.1867121,8.4572464,yes,,,,,,,"Papieriring 19, Liftvorraum, Lift Papieri-Ring / Maschinengasse",7/24 h verfügbar,,defibrillator,144,node/13149457201,yes,,0,,,,,Chamimmobilien AG,,+41794400382,,"local_knowledge, defikarte.ch",,,
13149937001,node,47.1745997,8.4284019,,,,,,,,"Pfarrkirche Heilig Geist, beim Durchgang zum Friedhof",,,defibrillator,144,node/13149937001,no,,,,,,24/7,Pfarrei Heilig Geist,,,,"local_knowledge, defikarte.ch",,,
13165134801,node,47.1890307,8.4779584,permissive,,,,,,,"2. Stock, vor dem Eingang zur Reist Telecom AG",Open from 06:00 am to 06:00 pm,,defibrillator,144,node/13165134801,yes,,2,,,,Mo-Fr 06:00-18:00,Reist Telecom AG,,+41 44 567 0777,,"local_knowledge, defikarte.ch",,,
13167011001,node,47.1934891,8.5262328,,,,,,,,Schulhaus Dorfmatt A Bei Eingang,,,defibrillator,144,node/13167011001,no,,0,,,,24/7,Einwohnergemeinde Baar,,+41417690111,,"local_knowledge, defikarte.ch",,,
13167016701,node,47.1824647,8.5348052,,,,,,,,Schulhaus Inwil,Bei Eingang zu Turnhalle neben Treppe,,defibrillator,144,node/13167016701,no,,0,,,,24/7,Einwohnergemeinde Baar,,+41417690111,,"local_knowledge, defikarte.ch",,,
13167018801,node,47.1646801,8.5565847,,,,,,,,Schulhaus Allenwinden Bei Eingang,,,defibrillator,144,node/13167018801,no,,0,,,,24/7,Einwohnergemeinde Baar,,+41417690111,,"local_knowledge, defikarte.ch",,,
13261008801,node,47.1470388,8.4394529,permissive,,,,,,,"Blegi 5, 6343 Rotkreuz",während Büroöffnungszeiten,,defibrillator,144,node/13261008801,yes,,0,,,,Mo-Fr 08:00-17:00,enovetic ag,,,,,,,
13269650801,node,47.169441,8.5541374,,,,,,,,Feuerwehrdepot bei Eingang Pfadiheim,,,defibrillator,144,node/13269650801,no,,0,,,,24/7,Gemeinde Baar,,+41417690111,,,,,
13277840901,node,47.183856,8.521658,permissive,,,,,,,"Göblizentrum, Industriestrasse 55",während der Öffnungszeiten,,defibrillator,144,node/13277840901,yes,,0,,,,Mo-Fr 07:00-17:00,Eigentümerverband,,,,,,,
13287125501,node,47.105638,8.508466,yes,,,,,,,Zugerstrasse 46 b,Direkt an Kantonsstrasse / Liegenschaft Zugerstrasse 46 b,,defibrillator,144,node/13287125501,no,,0,,,,24/7,Einwohnergemeinde Walchwil,,+41 41 759 80 10,,,,,
13310941501,node,47.1942828,8.5261449,yes,,,,,,,"Rathaus Apotheke Baar AG, Dorfstrasse 3, 6340 Baar",Zugang während den Öffnungszeiten der Apotheke,,defibrillator,144,node/13310941501,yes,,0,,,,,Rathaus Apotheke Baar AG,,+41 41 761 88 28,,,,,
13322108101,node,47.1923296,8.5240318,yes,,,,,,,Schulhaus Stermatt 1 A,Bei Eingang Treppenhaus,,defibrillator,144,node/13322108101,no,,0,,,,24/7,Einwohnergemeinde Baar,,+41 41 769 01 11,,,,,
13344453301,node,47.1989439,8.5189739,yes,,,,,,,Beim Veloständer zwischen Waldmannhalle und Schulhaus,,,defibrillator,144,node/13344453301,no,,0,,,,24/7,Einwohnergemeinde Baar,,+41 41 769 01 11,,,,,
13347377901,node,47.1779922,8.5940824,permissive,,,,,,,Lugetenstr.10/Haupteingang/ Windfang/links an Wand,7.30 Uhr bis 19.30 Uhr,,defibrillator,144,node/13347377901,yes,,0,,,,Mo-Su 07:30-19:30,Luegeten AG,,+41 41 757 11 18,,,,,
13366856801,node,47.1888897,8.5151426,private,,,,,,,"Haupteingang, rechte Wand bei der Treppe",während Öffnungszeiten verfügbar,,defibrillator,144,node/13366856801,yes,,0,,,,MO-FR 07:30-17:00,KIRKBI AG,,+41 41 769 20 81,,,,,
13382989601,node,47.1895284,8.5138813,permissive,,,,,,,3. OG - Raum 351 - Sanität (im Notfallrucksack),während Bürozeiten verfügbar,,defibrillator,144,node/13382989601,yes,,3,,,,"Mo-Th 07:30-12:00, 13:15-17:30, Fr 07:30-12:00, 13:15-16:30",Alfred Müller AG,,+41 41 767 02 02,,,,,
13451243101,node,47.1839734,8.5208042,,,,,,,,Nebeneingang,,,defibrillator,144,node/13451243101,yes,,0,,,,,HHM,,,,,,,
13481899301,node,47.1519279,8.4330532,permissive,,,,,,,"Lagerhalle, neben Tür zum Dispobüro",Nur während Betriebszeiten erreichbar,,defibrillator,144,node/13481899301,yes,,,,,,4:00-22:00,Firma,,+41417488181,,,,,
13503269001,node,47.2054888,8.5276935,,,,,,,,Bei Tor Einfahrt Werkhof,,,defibrillator,144,node/13503269001,no,,0,,,,24/7,Einwohnergemeinde Baar,,+41 41 769 01 11,,,,,
13510619501,node,47.1866813,8.4732329,permissive,,,,,,,"AMAG Parkhaus, Büro Europcar","Direkt beim Eingang, nur während Öffnungszeiten der Europcar Station verfügbar.",,defibrillator,144,node/13510619501,yes,,0,,,,"Mo-Fr 07:30-11:30, 12:00-16:00",AMAG Services AG,,,,,,,
13520950401,node,47.1945895,8.523619,,,,,,,,In der Apotheke,Während den Öffnungszeiten verfügbar,,defibrillator,144,node/13520950401,yes,,0,,,,,Gotthard Apotheke,,,,,,,
13521846601,node,47.1867393,8.4791894,,,,,,,,Am Empfang,während Bürozeiten,,defibrillator,144,node/13521846601,yes,,3,,,,Mo-Fr 9:00 - 12:00,Schweizerische Vereinigung f. Führungsausbildung,,+41447643626,,,,,
13521855902,node,47.1870158,8.4793142,permissive,,,,,,,Am Empfang,,,defibrillator,144,node/13521855902,yes,,3,,,,Mo-Fr 9:00 - 12:00,Schweizerische Vereinigung für Führungsausbildung,,+41 44 764 36 26,,,,,
13637646601,node,47.1811886,8.5205761,yes,,,,,,,Tor Ahornstrasse,,,defibrillator,144,node/13637646601,no,,0,,,,24/7,"Stadtverwaltung Zug, Abteilung Sicherheit und Verkehr",,+41 58 728 99 00,,,,,
13644929601,node,47.1827189,8.4697601,yes,,,,,,,Einfahrt Tiefgarage,,,defibrillator,144,node/13644929601,no,,0,,,,24/7,IG EICH I,,+41 79 518 47 20,,,,,
13658954501,node,47.1392357,8.5957476,yes,,,,,,,"Sprachheilschule Unterägeri, Gebäude Pavillon Süd, Eingang",Aussenfassade neben Eingang,,defibrillator,144,node/13658954501,no,,0,,,,24/7,Sprachheilschule Unterägeri,,+41 41 754 42 47,,,,,
13695370201,node,47.18133,8.5252115,,,,,,,,Consol Textil/Wäscherei Ibelweg 18c,während der öffnungszeiten verfügbar,,defibrillator,144,node/13695370201,yes,,0,,,,Mo-Fr 7:00-17:00,,,,,,,,
13737134001,node,47.1703093,8.5134695,yes,,,,,,,"Schiffanlegestelle Bahnhofsteg, neben den öffentlichen WC",öffentlich,sicherheit@stadtzug.ch,defibrillator,144,node/13737134001,no,,0,,,,24/7,"Stadtverwaltung Zug, Abteilung Sicherheit und Verkehr",,+41 58 728 99 00,,,,,
13737134002,node,47.1460918,8.5080377,yes,,,,,,,"Feuerwehrdepot Oberwil, an Fassade",öffentlich,sicherheit@stadtzug.ch,defibrillator,144,node/13737134002,no,,0,,,,24/7,"Stadtverwaltung Zug, Abteilung Sicherheit und Verkehr",,+41 58 728 99 00,,,,,
13755226946,node,47.1722251,8.5112655,yes,Zug,18,6300,Chamerstrasse,,,EG Eingang rechts,Koffer Schwarz,,defibrillator,144,node/13755226946,yes,,,,Property One Partners AG,,Mo-Fr 08.30-12.00 13.30-16.30,LIfetec AG,,+41 800 122 144,1670LTM,,,,
13758251502,node,47.1600599,8.4441938,,,,,,,,Rothhusstrasde 22,toujours disponible,,defibrillator,144,node/13758251502,no,,0,,,,24/7,privé,,,,,,,
13773972401,node,47.1765078,8.5209354,yes,,,,,,,An Fassade beim Eingang,,sicherheit@stadtzug.ch,defibrillator,144,node/13773972401,no,,0,,,,24/7,"Stadtverwaltung Zug, Abteilung Sicherheit und Verkehr",,+41 58 728 99 00,,,,,
13774064901,node,47.2083742,8.4086663,yes,,,,,,,Milchviehstall Chamau,,info@schluechthof.ch,defibrillator,144,node/13774064901,no,,0,,,,24/7,LBBZ Schluechthof Cham,,+41 41 594 50 00,,,,,
13798466105,node,47.1744661,8.5036603,yes,,,,,,,Neuer Eingang Strandbad Zug,Neben Infoscreen,sicherheit@stadtzug.ch,defibrillator,144,node/13798466105,no,,0,,,,24/7,"Stadtverwaltung Zug, Abteilung Sicherheit und Verkehr",,+41 58 728 99 00,,,,,
