osm_id,osm_type,lat,lon,access,addr:city,addr:housenumber,addr:postcode,addr:street,check_date,covered,defibrillator:location,defibrillator:location:de,defibrillator:location:en,description,emergency,emergency:phone,fixme,id,image,indoor,level,location,name,opening_hours,operator,phone,ref,source,survey:date,wheelchair
417175648,node,46.0539008,8.9945017,,,,,,,,,,,,defibrillator,144,,node/417175648,,,,,,,,,,,,
738927042,node,46.4866565,8.8056112,,,,,,,,,,,,defibrillator,144,,node/738927042,,,,,,,,,,,,
2421638144,node,45.9231225,8.9139,yes,,,,,,,,,,,defibrillator,144,,node/2421638144,,no,,,,24/7,,,,,,
2464562870,node,46.0059687,8.9655565,yes,,,,,,,,,,,defibrillator,144,,node/2464562870,,no,0,,,24/7,,,,,,yes
2669120577,node,45.9227955,8.9170614,,,,,,,,,,,,defibrillator,144,,node/2669120577,,no,,,,,,,,,,
2720821992,node,45.9573729,8.9360302,,,,,,,,,,,,defibrillator,144,,node/2720821992,,,,,,,,,,,,
2768372565,node,45.9308698,8.9007999,,,,,,,,,,,,defibrillator,144,,node/2768372565,,,,,,,,,,,,
3046388525,node,46.1536769,8.7815047,,,,,,,,,,,,defibrillator,144,,node/3046388525,,no,,,,,,,,,,
3111033506,node,46.0033886,8.9518913,,,,,,,,"Accessible, on street.",,,,defibrillator,144,,node/3111033506,,no,,,,,,,,,,
3193178039,node,46.093704,8.8243193,yes,,,,,,,An der Hausfassade,,,,defibrillator,144,,node/3193178039,,no,,,,24/7,SUSPI,,,,,
3279872675,node,46.5284328,8.6107489,yes,,,,,,,Tra Farmacia Boscolo e Banca Raiffeisen su piazzale Motta,,,,defibrillator,144,,node/3279872675,,,,,,24/7,,,,,,
3508258235,node,46.1744947,8.9433339,,,,,,,,,,,,defibrillator,144,,node/3508258235,,,,,,24/7,,,,,,
3571955217,node,46.1700179,8.7786214,,,,,,,booth,cabina telefonica,,,,defibrillator,144,,node/3571955217,,no,,,,,,,,,,
3657993862,node,45.950207,8.9645033,,,,,,,,,,,,defibrillator,144,,node/3657993862,,,,,,,,,,,,
3664433041,node,46.3163563,8.4928902,,,,,,,,,,,,defibrillator,144,,node/3664433041,,,,,,,,,,,,
3871020219,node,45.9210669,8.9865755,,,,,,,,,,,,defibrillator,144,,node/3871020219,File:Piazza Giuseppe Motta 2.jpg,,,,,,,,,,,
3874234257,node,45.8323639,9.0340719,yes,,,,,,,,,,,defibrillator,144,,node/3874234257,,,,,,,,,,,,
3918783076,node,45.8613837,9.0079799,,,,,,,,Vicino parcheggi cooperativa,,,,defibrillator,144,,node/3918783076,,,,,,24/7,Fondazione Ticino Cuore,,,,,
3931878711,node,45.9700119,8.8834181,yes,,,,,,,at house wall facing the parking,,,,defibrillator,144,,node/3931878711,,no,,,,24/7,,,,,,limited
3932555558,node,45.9725659,8.8796721,,,,,,,,,,,,defibrillator,144,,node/3932555558,,,,,,,,,,,,
4131376191,node,45.8602604,9.0042997,,,,,,,,Vicino entrata,,,,defibrillator,144,,node/4131376191,,,,,,24/7,Fondazione Ticino Cuore,,,,,
4131376192,node,45.8629146,8.997608,,,,,,,,Vicino buvette,,,,defibrillator,144,,node/4131376192,,,,,,24/7,Fondazione Ticino Cuore,,,,,
4131376193,node,45.860667,9.0216126,,,,,,,,Edificio del municipio,,,,defibrillator,144,,node/4131376193,,,,,,24/7,Fondazione Ticino Cuore,,,,,
4131376194,node,45.8477372,9.034895,,,,,,,,Centro sociale,,,,defibrillator,144,,node/4131376194,,,,,,24/7,Fondazione Ticino Cuore,,,,,
4131376195,node,45.8428143,9.0366452,,,,,,,,Palestra Keep fit,,,,defibrillator,144,,node/4131376195,,yes,,,,24/7,Fondazione Ticino Cuore,,,,,
4131376196,node,45.8435004,9.0295451,,,,,,,,Presso ufficio postale,,,,defibrillator,144,,node/4131376196,,no,,,,24/7,Fondazione Ticino Cuore,,,,,
4131376197,node,45.845333,9.0242214,,,,,,,,Interno palestra scuola media,,,,defibrillator,144,,node/4131376197,,yes,,,,,,,,,,
4131376198,node,45.846599,9.0219196,,,,,,,,Interno scuole elementare,,,,defibrillator,144,,node/4131376198,,yes,,,,24/7,Fondazione Ticino Cuore,,,,,
4131376199,node,45.8489733,9.0244531,,,,,,,,Bar Tennis,,,,defibrillator,144,,node/4131376199,,,,,,24/7,Fondazione Ticino Cuore,,,,,
4131376200,node,45.8525636,9.0162048,,,,,,2024-12-21,,Entrata municipio,,,,defibrillator,144,,node/4131376200,,no,,,,24/7,Fondazione Ticino Cuore,,,,,
4131376201,node,45.8452143,9.0160224,,,,,,,,Vicino scale mobili lato discesa al 1° piano,,,,defibrillator,144,,node/4131376201,,yes,,,,Mo-We 09:00-19:00; Th 09:00-21:00; Fr 09:00-19:00; Sa 09:00-18:00,Fondazione Ticino Cuore,,,,,
4131376202,node,45.8464798,9.0121122,,,,,,,,All'interno della farmacia,,,,defibrillator,144,,node/4131376202,,yes,,,,Mo-We 09:00-19:00; Th 09:00-21:00; Fr-Sa 09:00-19:00,Fondazione Ticino Cuore,,,,,
4131376203,node,45.8395741,9.0256979,,,,,,,,Infermeria piscina,,,,defibrillator,144,,node/4131376203,,yes,,,,,Fondazione Ticino Cuore,,,,,
4131376204,node,45.8350752,9.0276167,yes,,,,,2026-01-10,,Piazzale Municipio,,,,defibrillator,144,,node/4131376204,,no,,,,24/7,Fondazione Ticino Cuore,,,,,yes
4131376205,node,45.8339617,9.0158238,,,,,,,,Infermeria stadio,,,,defibrillator,144,,node/4131376205,,yes,,,,,Fondazione Ticino Cuore,,,,,
4131376206,node,45.8343304,9.0132026,,,,,,,,Infermeria Palapenz,,,,defibrillator,144,,node/4131376206,,yes,,,,,Fondazione Ticino Cuore,,,,,
4131376207,node,45.8410258,9.0126739,,,,,,,,Centro sportivo Balerna,,,,defibrillator,144,,node/4131376207,,,,,,24/7,Fondazione Ticino Cuore,,,,,
4131376209,node,45.8482071,9.0089399,,,,,,,,Entrata scuole medie,,,,defibrillator,144,,node/4131376209,,,,,,24/7,Fondazione Ticino Cuore,,,,,
4131376210,node,45.8493439,9.0114846,,,,,,,,Ufficio Parco delle Gole della Breggia,,,,defibrillator,144,,node/4131376210,,yes,,,,24/7,Fondazione Ticino Cuore,,,,,
4131376211,node,45.8415221,8.9816401,,,,,,,,Entrata municipio,,,,defibrillator,144,,node/4131376211,,,,,,24/7,Fondazione Ticino Cuore,,,,,
4131376212,node,45.8544456,8.9877312,,,,,,,,Entrata municipio,,,,defibrillator,144,,node/4131376212,,,,,,24/7,Fondazione Ticino Cuore,,,,,
4131376213,node,45.8584561,8.9715764,,,,,,,,Entrata bar,,,,defibrillator,144,,node/4131376213,,,,,,24/7,Fondazione Ticino Cuore,,,,,
4131376214,node,45.8533224,8.9591161,yes,,,,,,yes,Entrata,,,,defibrillator,144,,node/4131376214,,,,,,24/7,Fondazione Ticino Cuore,,,,,
4131376215,node,45.8619315,8.9485281,,,,,,,,Entrata palestra,,,,defibrillator,144,,node/4131376215,,yes,,,,,Fondazione Ticino Cuore,,,,,
4131376219,node,45.8558115,8.9416166,,,,,,,,,,,,defibrillator,144,,node/4131376219,,yes,,,,,Fondazione Ticino Cuore,,,,,
4131376220,node,45.8554354,8.9410902,,,,,,,,,,,,defibrillator,144,,node/4131376220,,yes,,,,,Fondazione Ticino Cuore,,,,,
4131376276,node,45.8520641,8.9338583,,,,,,,,All'esterno dello spogliatoio del centro sportivo,,,,defibrillator,144,,node/4131376276,,,,,,24/7,Fondazione Ticino Cuore,,,,,
4131424370,node,45.8735056,8.9585547,,,,,,,,Presso Tennis Club,,,,defibrillator,144,,node/4131424370,,yes,,,,,Fondazione Ticino Cuore,,,,,
4131424371,node,45.8781993,8.9492085,,,,,,,,Entrata spogliatoio presso il centro sportivo,,,,defibrillator,144,,node/4131424371,,,,,,24/7,Fondazione Ticino Cuore,,,,,
4131424372,node,45.8903977,8.9507504,,,,,,,,Armadietto esterno,,,,defibrillator,144,,node/4131424372,,,,,,24/7,Fondazione Ticino Cuore,,,,,
4131424373,node,45.8679173,8.969543,,,,,,,,Presso spogliatoio centro sportivo,,,,defibrillator,144,,node/4131424373,,,,,,,Fondazione Ticino Cuore,,,,,
4131424374,node,45.8719799,8.9690278,,,,,,,,Palestra Scuole elementare,,,,defibrillator,144,,node/4131424374,,,,,,,Fondazione Ticino Cuore,,,,,
4131424375,node,45.8727011,8.9768603,,,,,,,,Reception Hotel Coronado,,,,defibrillator,144,,node/4131424375,,yes,,,,,Fondazione Ticino Cuore,,,,,
4131424376,node,45.8748051,8.9786651,,,,,,,,Ufficio Casinò,,,,defibrillator,144,,node/4131424376,,yes,,,,,Fondazione Ticino Cuore,,,,,
4131424377,node,45.8749512,8.9795582,,,,,,,,Infopoint 1° piano,,,,defibrillator,144,,node/4131424377,,yes,,,,Mo-Su 11:00-19:00,Fondazione Ticino Cuore,,,,,
4131424378,node,45.8673685,8.9766733,,,,,,,,Interno centro giovani,,,,defibrillator,144,,node/4131424378,,yes,,,,,Fondazione Ticino Cuore,,,,,
4131424379,node,45.8651765,8.9781003,,,,,,,yes,Entrata Mercato Coperto,,,,defibrillator,144,,node/4131424379,,no,,,,24/7,Fondazione Ticino Cuore,,,,,
4131424380,node,45.8662358,8.9849845,,,,,,,,,,,,defibrillator,144,,node/4131424380,,yes,,,,,Fondazione Ticino Cuore,,,,,
4131424381,node,45.8658309,8.9847676,,,,,,,,Entrata Piscine,,,,defibrillator,144,,node/4131424381,,,,,,24/7,Fondazione Ticino Cuore,,,,,
4131430493,node,45.8726135,8.9883368,yes,,,,,,,Entrata Museo,,,,defibrillator,144,,node/4131430493,,no,,,,24/7,Fondazione Ticino Cuore,,,,,
4131430494,node,45.872529,8.9932253,yes,,,,,,yes,Entrata ex scuole,,,,defibrillator,144,,node/4131430494,,no,,,,24/7,Fondazione Ticino Cuore,,,,,
4131430495,node,45.8807299,8.9796428,,,,,,,,,,,,defibrillator,144,,node/4131430495,,yes,,,,,Fondazione Ticino Cuore,,,,,
4131430496,node,45.8828193,8.9800973,,,,,,,,Infermeria piscine,,,,defibrillator,144,,node/4131430496,,yes,,,,24/7,Fondazione Ticino Cuore,,,,,
4131430497,node,45.9052919,8.9721898,yes,,,,,,,Parcheggio,,,,defibrillator,144,,node/4131430497,,,,,,24/7,Fondazione Ticino Cuore,,,,,
4131430498,node,45.9075286,9.0015418,,,,,,,,Parcheggi,,,,defibrillator,144,,node/4131430498,,no,,,,24/7,Fondazione Ticino Cuore,,,,,
4131430499,node,45.9003102,9.0460008,yes,,,,,,,Esterno negozio,,,,defibrillator,144,,node/4131430499,,no,,,,24/7,Fondazione Ticino Cuore,,,,,yes
4162994703,node,46.0050686,8.8821277,,,,,,,,"On the outside, close to the street.",,,,defibrillator,144,,node/4162994703,,no,,,,,,,,,,
4164686872,node,45.9297268,8.9200508,,,,,,,,,,,,defibrillator,144,,node/4164686872,,,,,,,,,,,,
4351219239,node,46.181129,8.8509344,,,,,,,,,,,,defibrillator,144,,node/4351219239,,no,,,,,,,,,,
4499021417,node,46.1777092,8.8638961,,,,,,,,,,,,defibrillator,144,,node/4499021417,,no,0,,,24/7,,,,,,yes
4499078766,node,46.1867271,8.8507854,yes,,,,,,,,,,,defibrillator,144,,node/4499078766,,no,0,,,24/7,,,,,,yes
5074133017,node,46.2594277,8.8380043,,,,,,,,An der Außenwand,,,,defibrillator,144,,node/5074133017,,yes,,,,,,,,,,
5165146502,node,46.3077345,8.5459473,,,,,,,,On the building exterior wall,,,,defibrillator,144,,node/5165146502,,no,,,,,,,,,,
5193587098,node,46.3397326,8.8025666,yes,,,,,,,,,,,defibrillator,144,,node/5193587098,,,,,,,,,,,,
5562466236,node,46.1537938,8.7687732,,,,,,,,,,,,defibrillator,144,,node/5562466236,,,,,,,,,,,,
5812071447,node,46.1492479,8.9521133,yes,,,,,,,An der Kreuzung,,,,defibrillator,144,,node/5812071447,,,,,,24/7,,,,,,
5813154990,node,46.2043343,8.6090775,,,,,,,,,,,,defibrillator,144,,node/5813154990,,,,,,,,,,,,
6159959285,node,46.281189,9.0040582,yes,,,,,,,Sede patriziale,,,,defibrillator,144,,node/6159959285,,no,,,,,,,,,,
6159959287,node,46.3005593,8.9843088,yes,,,,,,,,,,,defibrillator,144,,node/6159959287,,,,,,24/7,,,,,,
6159959288,node,46.3298294,8.9675539,yes,,,,,,,Posizionato sotto la tettoia dell'entata dell'ufficio tecnico,,,,defibrillator,144,,node/6159959288,,no,,,,24/7,,,,,,
6177297273,node,46.1885488,8.8398306,yes,,,,,,,,,,,defibrillator,144,,node/6177297273,,no,,,,24/7,,,,,,
6425234749,node,45.8719326,8.9861807,,,,,,,,,,,,defibrillator,144,,node/6425234749,,,,,,,,,,,,
6638279372,node,45.9336273,8.9714997,,,,,,,,Outside wall,,,,defibrillator,144,,node/6638279372,,,,,,,,,,,,
6689642658,node,46.1809501,8.859779,,,,,,,,"Outside the building, on a wall",,,,defibrillator,144,,node/6689642658,,no,,,,,,,,,,
6763683719,node,46.3392392,8.6076239,,,,,,,,In front of the Post-Building right of the Bus Stop,,,,defibrillator,144,,node/6763683719,,no,,,,24/7,,,,,,
6929658784,node,46.0237648,8.8563472,,,,,,,,,,,,defibrillator,144,,node/6929658784,,,,,,,,,,,,
7283302487,node,46.0048885,8.9470139,yes,,,,,,,Accanto alla macchina automatica Selecta tra il binario 1 e l'uscita della stazione.,,Next to the Selecta snack vending machine between track 1 and the exit of the station.,,defibrillator,144,,node/7283302487,,no,0,,,24/7,,,,,,yes
7638069888,node,46.0162283,8.9409619,,,,,,,,Next to bus shelter,,,,defibrillator,144,,node/7638069888,,no,,,,,,,,,,
7717033908,node,46.0038168,8.9496406,,,,,,,,über dem Postkasten neben WC Anlage,,,,defibrillator,144,,node/7717033908,,,,,,24/7,,,,,,
7837844946,node,46.5099973,8.5247523,yes,,,,,,,Entrata casa comunale,,,,defibrillator,144,,node/7837844946,,,,,,24/7,,,,,,
7907946969,node,46.1696157,8.8540598,,,,,,,,an der Rückwand der Reception,,,auf dem Campingplatz 24h verfügbar,defibrillator,144,,node/7907946969,,no,,,,24/7,,,,,,
7927653113,node,46.1664784,8.8541696,yes,,,,,,,beim Beach-Office an der Wand,,,Öffentlich 24h verfügbar,defibrillator,144,,node/7927653113,,no,,,,24/7,,,,,,
8018136583,node,46.1682877,9.0867225,yes,,,,,,,Dorfeingang bei den Briefkästen,,,24h erreichbar,defibrillator,144,,node/8018136583,,yes,,,,24/7,,,,,,
8171444951,node,46.1516671,8.8814217,,,,,,,,,,,,defibrillator,144,,node/8171444951,,,,,,24/7,,,,,,
8220574317,node,46.1741956,8.7584953,,,,,,,,,,,,defibrillator,144,,node/8220574317,,,,,,24/7,,,,,,
8446568017,node,46.5286567,8.5861489,,,,,,,,"Kaserne Bedrina, Haupteingang in der Mitte",,,,defibrillator,144,,node/8446568017,,yes,,,,24/7,Militär,+41 79 330 46 72,,,,
8479519264,node,46.2107328,8.7455099,,,,,,,,,,,,defibrillator,144,,node/8479519264,,no,,,,24/7,,,,,,
8483212888,node,46.3088969,8.585232,,,,,,,,Next to parking,,,,defibrillator,144,,node/8483212888,,no,,,,24/7,,,,,,
8483212900,node,46.3086237,8.5463303,,,,,,,,,,,,defibrillator,144,,node/8483212900,,,,,,24/7,,,,,,
8485766400,node,46.4435938,8.6644827,,,,,,2026-04-04,,,,,,defibrillator,144,,node/8485766400,,no,,,,24/7,,,,,,
8486598185,node,46.1697693,8.7951374,yes,,,,,,,all'esterno sul muro ,,,,defibrillator,144,,node/8486598185,,no,,,,24/7,,,,,,yes
8522070175,node,46.1627132,8.7426268,,,,,,,,,,,,defibrillator,144,,node/8522070175,,,,,,24/7,,,,,,
8574112527,node,46.2286277,8.7199038,yes,,,,,,,All'entrata del comune,,,,defibrillator,144,,node/8574112527,,yes,,,,24/7,Commune,+41 91 649 74 37,,,,
8588875208,node,46.178222,8.8414529,yes,,,,,,,"Outside, on the left side of the entrance",,,,defibrillator,144,,node/8588875208,,no,,,,24/7,,,,,,
8635945817,node,46.1535972,8.9738337,yes,,,,,,,"Scuole Elementari, Sant'	Antonino",,,,defibrillator,144,,node/8635945817,,no,,,,,,,,,,
8660576017,node,45.9957539,8.8090989,yes,,,,,,,Monteggio,,,beim grossen Parkplatz,defibrillator,144,,node/8660576017,,no,,,,24/7,,,,,,
8673304572,node,46.0198506,8.9838309,,,,,,,,,,,,defibrillator,144,,node/8673304572,,,,,,,,,,,,
8690598517,node,46.144647,8.7273613,yes,,,,,,,Sala Consiglio,,,,defibrillator,144,,node/8690598517,,no,,,,24/7,,,,,,
8694138617,node,46.2107699,8.8481089,yes,,,,,,,Casa Comunale,,,,defibrillator,144,,node/8694138617,,no,,,,24/7,,,,,,
8728635217,node,46.1746191,8.8442637,yes,,,,,,,Waschhaus,,,,defibrillator,144,,node/8728635217,,no,,,,,campingplatz,,,,,
8792403073,node,45.9687879,8.8599227,yes,,,,,,,sulla facciata dell'edificio,,,,defibrillator,144,,node/8792403073,,no,,,,24/7,,,,,,limited
8820989186,node,45.870062,8.9886561,yes,,,,,,,neben der Unterführung,,,,defibrillator,144,,node/8820989186,,no,,,,24/7,,,,,,no
8840856419,node,46.1772508,8.9166639,yes,,,,,,,Primarschulhaus Cugnasco Gerra,,,,defibrillator,144,,node/8840856419,,no,,,,24/7,,,,,,
8841083918,node,46.155692,8.6098408,yes,,,,,,,"Fassade, Strassenseitig",,,,defibrillator,144,,node/8841083918,,no,,,,24/7,,,,,,
8852617754,node,46.2108668,8.7456308,yes,,,,,,,Am Gebäude neben dem Grotto,,,,defibrillator,144,,node/8852617754,,no,,,,24/7,,,,,,
8852617755,node,46.1981918,8.7505983,yes,,,,,,,"Bei der Waschanlage, 50m vis-à-vis Tourist-Info",,,,defibrillator,144,,node/8852617755,,no,,,,24/7,,,,,,
8852622684,node,46.3983973,8.6526829,yes,,,,,,,,,,,defibrillator,144,,node/8852622684,,no,,,,24/7,,,,,,
8852622685,node,46.3608584,8.6407318,yes,,,,,,,"in alter Telefonkabine, gegenüber Osteria dal Paes",,,,defibrillator,144,,node/8852622685,,no,,,,24/7,,,,,,
8852622686,node,46.2456702,8.7048313,yes,,,,,,,"Am Gebäude, Seite Parkplatz",,,,defibrillator,144,,node/8852622686,,no,,,,24/7,,,,,,
8852622687,node,46.2351457,8.7179464,yes,,,,,,,,,,,defibrillator,144,,node/8852622687,,no,,,,24/7,,,,,,
8852622688,node,46.2236121,8.7414198,yes,,,,,,,,,,,defibrillator,144,,node/8852622688,,no,,,,24/7,,,,,,
8865473817,node,46.0116185,8.818602,,,,,,,,Gemeindehaus Astano,,,während Öffnungszeiten,defibrillator,144,,node/8865473817,,yes,,,,Mo-Fr 08:30-11:30; Th 16:00-19:00,Gemeinde,+41916081533,,,,
8870217496,node,46.0058327,9.0035435,yes,,,,,,,An der Wand,,,,defibrillator,144,,node/8870217496,,,0,,,24/7,,,,,2021-06-27,limited
8871047011,node,46.4109668,8.6161566,yes,,,,,,,,,,,defibrillator,144,"de: Bitte vor Ort prüfen. Der Ort ist gemäss Luftbild unwahrscheinlich.
en: Please survey on site. Location looks unreasonable on aerial imagenery.",node/8871047011,,no,,,,24/7,,,,,,
8873005517,node,46.1440934,8.8438928,yes,,,,,,,Ente Turistico Gambarogno,,,,defibrillator,144,,node/8873005517,,no,,,,24/7,,,,,,
8879700761,node,46.0106642,8.9961085,,,,,,,,,,,,defibrillator,144,,node/8879700761,,no,0,,,24/7,,,,,,yes
8880216131,node,46.1637962,8.7576599,yes,,,,,,,an der Kreuzung,,,,defibrillator,144,,node/8880216131,,no,,,,24/7,,,,,,
8880216132,node,46.1486783,8.8561365,yes,,,,,,,in alter Telefonkabine,,,,defibrillator,144,,node/8880216132,,no,,,,24/7,,,,,,
8881035046,node,46.007297,8.9795912,,,,,,,,,,,,defibrillator,144,,node/8881035046,,,,,,24/7,,,,,2021-07-02,
8881111968,node,46.003916,8.9778343,yes,,,,,,,At the wall of the parking spot.,,,,defibrillator,144,,node/8881111968,,no,0,,,24/7,,,,,,yes
8881834856,node,46.1289211,8.9852943,,,,,,,,,,,,defibrillator,144,,node/8881834856,,,,,,24/7,,,,,,
8881834857,node,46.0328474,8.9584477,,,,,,,,,,,,defibrillator,144,,node/8881834857,,,,,,24/7,,,,,,
8881834859,node,46.0328131,8.8698996,,,,,,,,,,,,defibrillator,144,,node/8881834859,,,,,,24/7,,,,,,
8881834860,node,46.0262956,8.9087722,,,,,,,,,,,,defibrillator,144,,node/8881834860,,,,,,24/7,,,,,,
8881834861,node,46.0145663,8.9082102,yes,,,,,,,,,,,defibrillator,144,,node/8881834861,,no,,,,24/7,,,,,,
8881834862,node,46.0997632,8.9288418,yes,,,,,,,,,,,defibrillator,144,,node/8881834862,,no,,,,24/7,,,,,,
8881834863,node,46.1231989,8.7841929,yes,,,,,,,,,,,defibrillator,144,,node/8881834863,,no,,,,24/7,,,,,,
8881834864,node,46.1427041,8.9442859,yes,,,,,,,,,,,defibrillator,144,,node/8881834864,,no,,,,24/7,,,,,,
8883006329,node,46.1546426,8.6309335,yes,,,,,,,Seite Parkplatz,,,,defibrillator,144,,node/8883006329,,no,,,,24/7,,,,,,
8883685018,node,46.3497073,8.7863283,yes,,,,,,,Aussenwand links neben Grotto,,,,defibrillator,144,,node/8883685018,,no,,,,24/7,Gemeinde,,,,,
8889456279,node,46.0012791,8.978109,,,,,,,,Visibile alla strada,,,,defibrillator,144,,node/8889456279,,no,,,,24/7,,,,,2021-07-02,
8894783059,node,46.4125503,8.9774638,yes,,,,,,,,,,,defibrillator,144,,node/8894783059,,no,,,,24/7,,,,,,
8894783060,node,46.4827776,8.9351631,yes,,,,,,,,,,,defibrillator,144,,node/8894783060,,no,,,,24/7,,,,,,
8894783061,node,46.557253,8.9375254,yes,,,,,,,,,,,defibrillator,144,,node/8894783061,,no,,,,24/7,,,,,,
8894783062,node,46.5293239,8.9356978,yes,,,,,,,A fianco della fermata,,,,defibrillator,144,,node/8894783062,,no,0,,,24/7,,,,,,yes
8894783063,node,46.5025137,8.9504384,yes,,,,,,,,,,,defibrillator,144,,node/8894783063,,no,,,,24/7,,,,,,
8894783064,node,46.4886607,8.950862,yes,,,,,,,,,,,defibrillator,144,,node/8894783064,,no,,,,24/7,,,,,,
8894783065,node,46.4549363,8.9386266,yes,,,,,,,sul muro verso la strada cantonale,,,,defibrillator,144,,node/8894783065,,no,0,,,24/7,,,,,,yes
8894783066,node,46.4392913,8.952637,yes,,,,,,,Gebäude neben Apotheke,,,,defibrillator,144,,node/8894783066,,no,,,,24/7,,,,,,
8894783067,node,46.4188851,8.9715761,yes,,,,,,,,,,,defibrillator,144,,node/8894783067,,no,,,,24/7,,,,,,
8894783068,node,46.4025813,8.9731365,yes,,,,,,,,,,,defibrillator,144,,node/8894783068,,no,,,,24/7,,,,,,
8894783069,node,46.3645219,8.9437569,yes,,,,,,,,,,,defibrillator,144,,node/8894783069,,no,,,,24/7,,,,,,
8894783070,node,46.3510693,8.9693292,yes,,,,,,,All'entrata nord delle scuole medie,,,,defibrillator,144,,node/8894783070,,no,,,,24/7,,,,,,
8894783071,node,46.3601837,8.9713173,yes,,,,,,,,,,,defibrillator,144,,node/8894783071,,no,,,,24/7,,,,,,
8894783072,node,46.2808113,8.9848047,yes,,,,,,,,,,,defibrillator,144,,node/8894783072,,no,,,,24/7,,,,,,
8894783073,node,46.2166334,9.0312653,yes,,,,,,,An der Fahnenstange,,,,defibrillator,144,,node/8894783073,,no,,,,24/7,,,,,,
8894783074,node,46.1878633,8.9962869,yes,,,,,,,,,,,defibrillator,144,,node/8894783074,,no,,,,24/7,,,,,,
8940448119,node,46.0006014,8.8167522,yes,,,,,,,Gemeindehaus Sessa,,,,defibrillator,144,,node/8940448119,,no,,,,,,,,,,
8967730029,node,46.1504794,8.8939171,yes,,,,,,,Süielplatz,,,draussen,defibrillator,144,,node/8967730029,,no,,,,24/7,,,,,,
8989555322,node,45.9905036,8.9438777,yes,,,,,,,Aussen am Zugang zum Lift des Autosilos Paradiso beim Gemeindehaus.,,,,defibrillator,144,,node/8989555322,,no,,,,24/7,Municipio di Paradiso,,,,,
8998079692,node,46.4564697,8.9235798,,,,,,,,"On the wall, next to the door",,,,defibrillator,144,,node/8998079692,,no,,,,,,,,,,
9020226909,node,46.007084,8.941309,yes,,,,,,,,,,,defibrillator,144,,node/9020226909,,no,0,,,24/7,,,,,,yes
9020311517,node,46.1199186,8.7088783,yes,,,,,,,Parkhotel Brenscino,,,Eingang Hotel,defibrillator,144,,node/9020311517,,no,,,,24/7,Parkhotel Brenscino (REKA Ferienkasse),+41917868111,,,,
9128916744,node,46.154175,8.7738109,yes,,,,,,,Via Muraccio,,,,defibrillator,144,,node/9128916744,,no,,,,24/7,Gemeinde,,,,,
9137595221,node,46.2311252,9.0657632,yes,,,,,,,,,,,defibrillator,144,,node/9137595221,,no,,,,24/7,,,,,,
9158311018,node,45.9528594,8.9493862,yes,,,,,,,Lido Melide ,,,Immer Verfügbar,defibrillator,144,,node/9158311018,,no,,,,,Gemeinde,,,,,
9165152374,node,46.1100634,8.7728693,,,,,,,,,,,,defibrillator,144,,node/9165152374,,,,,,,,,,,,
9177157832,node,46.1068814,8.7654691,,,,,,,,,,,,defibrillator,144,,node/9177157832,,,,,,,,,,,,
9177738540,node,46.1177753,8.7087468,yes,,,,,,,,,,,defibrillator,144,,node/9177738540,,no,,,,24/7,SUSPI,,,,,
9197347058,node,45.977248,8.8761521,yes,,,,,,,all'entrata del parcheggio,,,,defibrillator,144,,node/9197347058,,no,,,,24/7,,,,,,limited
9241286617,node,46.1650929,8.8044208,yes,,,,,,,Hafen Locarno,,,Grüner Schrank beim Hafenmeister,defibrillator,144,,node/9241286617,,no,,,,08:00-18:00,Hafen Locarno,+41 91 752 30 40,,,,
9317853521,node,46.1406743,8.9163228,,,,,,,,In der Krankenabteilung,,,"Während Öffnungszeiten, zum Teil auch ausserhalb Öffnungszeiten über die Tel.-Nummer erreichbar",defibrillator,144,,node/9317853521,,yes,,,,Mo-Fr 08:00-16:00,Krankenabteilung Monte Ceneri (Militär),+41584698050,,,,
9370114417,node,46.1355365,8.8249953,yes,,,,,,,kleines Häuschen,,,,defibrillator,144,,node/9370114417,,no,,,,24/7,,,,,,
9388573185,node,45.9703451,8.8733122,yes,,,,,,,Neben dem Eingang des Fussballfeld,,,,defibrillator,144,,node/9388573185,,no,,,,24/7,,,,,,limited
9491874517,node,45.8260716,9.0129837,yes,,,,,,,,,,,defibrillator,144,,node/9491874517,,,,,,,,,,,,
9498474639,node,46.0012708,8.949354,,,,,,,,Bei Bucherer,,,,defibrillator,144,,node/9498474639,,yes,,,,Mo-Fr 10:00-18:30; Sa 10:00-18:00,Bucherer SA,,,,,
9498474640,node,46.1704956,8.7991355,,,,,,,,Bei Bucherer,,,,defibrillator,144,,node/9498474640,,yes,,,,Mo-Fr 10:00-19:00; Sa 09:00-17:00,Bucherer SA,,,,,
9563481048,node,46.0112144,8.9547595,yes,,,,,,,"In the street, attached to a column",,,,defibrillator,144,,node/9563481048,,no,0,,,24/7,,,,,,yes
9604744901,node,46.0037679,8.9535007,yes,,,,,,,"VZ: An der Reception, im Büchergestell unten rechts",,,,defibrillator,144,,node/9604744901,,yes,,,,Mo-Fr 08:00-17:00,"Reaplus GmbH, Buhaldenstrasse 8d, 5023 Biberstein",+41 43 536 69 15,,,,
9633859617,node,46.1518115,8.9461409,no,,,,,,,Cadenazzo,,,Draussen Öffentlich,defibrillator,144,,node/9633859617,,no,,,,,,,,,,
9763763211,node,46.0206841,8.9571136,,,,,,,,,,,,defibrillator,144,,node/9763763211,,,,,,,,,,,,
9770749617,node,46.2529886,9.0227872,yes,,,,,,,Coop Claro,,,"Rechts vom Eingang, neben den Einkaufswagen",defibrillator,144,,node/9770749617,,no,,,,,,,,,,
9772981968,node,45.8902283,9.036014,yes,,,,,,,On wall,,,,defibrillator,144,,node/9772981968,,,0,,,,,,,,,yes
9773059241,node,46.0243779,8.960084,permissive,,,,,,,entrati nel caso sulla destra,,,,defibrillator,144,,node/9773059241,,yes,0,,,,CSCS,,,,,yes
9776042158,node,45.8718145,9.0320442,,,,,,,,On wall outside building,,,,defibrillator,144,,node/9776042158,,,0,,,,,,,,,yes
9779462707,node,46.1670911,8.7607193,yes,,,,,,,,,,,defibrillator,144,,node/9779462707,,no,,,,,,,,,,
9836109612,node,46.1743162,9.0114257,yes,,,,,,,Durchgang zu den Parkplätzen hinter dem Haus benützen,,,,defibrillator,144,,node/9836109612,,no,,,,24/7,SUSPI,,,,,
9848638836,node,45.9030259,8.9789489,yes,,,,,,,An der Wand neben dem Kiosk,,,,defibrillator,144,,node/9848638836,,no,,,,24/7,,,,,,
9853606119,node,46.1630813,8.763801,yes,,,,,,,am Strassenrand,,,,defibrillator,144,,node/9853606119,,no,,,,24/7,,,,,,
9860404103,node,46.1519614,8.9150378,yes,,,,,,,Beim Haupteingang,,,,defibrillator,144,,node/9860404103,,no,,,,24/7,,,,,,
9860404104,node,46.1556906,8.9440438,yes,,,,,,,Eingang Industrie-Areal,,,,defibrillator,144,,node/9860404104,,no,,,,24/7,,,,,,
9860404105,node,46.1504638,8.9506964,yes,,,,,,,Auf der nördlichen Gebäudeseite,,,,defibrillator,144,,node/9860404105,,no,,,,24/7,,,,,,
9860404106,node,46.1521319,8.9516701,yes,,,,,,,"Am Strassenrand, über Elektroverteiler",,,,defibrillator,144,,node/9860404106,,no,,,,24/7,,,,,,
9860404107,node,46.1519797,8.9537851,yes,,,,,,,Neben Sportplatz an grünem Containerhäuschen,,,,defibrillator,144,,node/9860404107,,no,,,,24/7,,,,,,
9860404108,node,45.930138,8.9838606,yes,,,,,,,,,,,defibrillator,144,,node/9860404108,,no,,,,24/7,,,,,,
9860404109,node,46.0371188,8.9802889,yes,,,,,,,Ex cabina telefonica - fermata del bus,Bei der Haltestelle Paese,,,defibrillator,144,,node/9860404109,,no,,,,24/7,Fondazione Ticino Cuore,+41 91 611 47 97,,"local_knowledge, defikarte.ch",,yes
9860404110,node,46.068599,8.9682153,yes,,,,,,,Scuola dell'infanzia,,,,defibrillator,144,,node/9860404110,,no,,,,24/7,,,,,,
9860404111,node,46.0608003,8.9573295,yes,,,,,,,Bei der Haltestelle Paese,,,,defibrillator,144,,node/9860404111,,no,,,,24/7,,,,,,
9860404112,node,46.0545976,8.9448841,yes,,,,,,,casa comunal Origlio,,,,defibrillator,144,,node/9860404112,,no,,,,24/7,,,,,,
9860404113,node,46.182792,8.8143919,yes,,,,,,,Bei der Haltestelle Chiesa,,,,defibrillator,144,,node/9860404113,,no,,,,24/7,,,,,,
9860404114,node,46.2266961,8.6023083,yes,,,,,,,Neben der Kirche an einer Steinmauer,,,,defibrillator,144,,node/9860404114,,no,,,,24/7,,,,,,
9862686817,node,45.9982616,9.0167856,yes,,,,,,,Toilettenhaus Schiffshaltestelle Cantina di Gandria,,,immer offen,defibrillator,144,,node/9862686817,,no,,,,24/7,,,,,,
9884659505,node,46.0521787,8.9252443,,,,,,,,Rapporto di ricezione,,,,defibrillator,144,,node/9884659505,,yes,,,,"Mo-Th 06:00-12:00, 13:30-17:00; Fr 06:00-12:00",Ernst Sutter AG 6930 Bedano,+415847630 07,,,,
9884687968,node,46.011878,8.9657706,yes,,,,,,,,,,,defibrillator,144,,node/9884687968,,no,0,,,24/7,,,,,,yes
9894612614,node,46.1209706,8.7117351,yes,,,,,,,,,,,defibrillator,144,,node/9894612614,,,,,,,,,,,,
9901897117,node,46.2266873,8.6025012,yes,,,,,,,casa partocchiale,,,,defibrillator,144,,node/9901897117,,no,,,,24/7,,,,,,
9903400906,node,46.2212591,8.7419294,yes,,,,,,,Um die Ecke beim Camping-Empfang,,,,defibrillator,144,,node/9903400906,,no,,,,24/7,,,,,,
9917843273,node,45.8463163,9.0120855,yes,,,,,,,Verkaufsfläche LIDL,,,während Öffnungszeiten verfügbar,defibrillator,144,,node/9917843273,,yes,,,,,LIDL Schweiz,+41716278074,,,,
9917843283,node,46.0125898,8.9658814,yes,,,,,,,Verkaufsfläche LIDL,,,während Öffnungszeiten verfügbar,defibrillator,144,,node/9917843283,,yes,,,,,LIDL Schweiz,+41716278074,,,,
9917845020,node,46.1818978,9.0180933,yes,,,,,,,Verkaufsfläche LIDL,,,während Öffnungszeiten verfügbar,defibrillator,144,,node/9917845020,,yes,,,,,LIDL Schweiz,+41716278074,,,,
9917845065,node,46.0421846,8.9231287,yes,,,,,,,Verkaufsfläche LIDL,,,während Öffnungszeiten verfügbar,defibrillator,144,,node/9917845065,,yes,,,,,LIDL Schweiz,+41716278074,,,,
9917845096,node,46.3516561,8.9725866,yes,,,,,,,Verkaufsfläche LIDL,,,während Öffnungszeiten verfügbar,defibrillator,144,,node/9917845096,,yes,,,,,LIDL Schweiz,+41716278074,,,,
9917845098,node,46.1539653,8.9652353,yes,,,,,,,Verkaufsfläche LIDL,,,während Öffnungszeiten verfügbar,defibrillator,144,,node/9917845098,,yes,,,,,LIDL Schweiz,+41716278074,,,,
9917845102,node,46.2255095,9.0432219,yes,,,,,,,Verkaufsfläche LIDL,,,während Öffnungszeiten verfügbar,defibrillator,144,,node/9917845102,,yes,,,,,LIDL Schweiz,+41716278074,,,,
9919832317,node,45.9216041,9.0390831,yes,,,,,,,Ostello,,,,defibrillator,144,,node/9919832317,,no,,,,24/7,Öffentlich,,,,,
9951740164,node,46.0021394,8.9888283,yes,,,,,,,"When approaching the Lido San Domenico, underneath the text ""Lido San Domenico"" written on the wall, left of the door that leads to the bar.",,,,defibrillator,144,,node/9951740164,,no,,,,,,,,,,
9995107255,node,46.37613,8.6604801,yes,,,,,,,nella casa patriziale sulla strada cantonale,,,,defibrillator,144,,node/9995107255,,no,,,,24/7,144,,,,,
10026206176,node,46.3446583,8.7979517,,,,,,,,,,,,defibrillator,144,,node/10026206176,,no,0,,,24/7,,,,,,yes
10027744718,node,46.0670667,8.9667864,,,,,,,,,,,,defibrillator,144,,node/10027744718,,,,,,,,,,,,
10028245418,node,46.0664478,8.9712427,,,,,,,,,,,,defibrillator,144,,node/10028245418,,,,,,,,,,,,
10044174818,node,46.172651,8.8467965,yes,,,,,,,Bei den WC / Abwasch,,,,defibrillator,144,,node/10044174818,,no,,,,24/7,Campingplatz Mirelago,,,,,
10079597718,node,46.3665654,8.9659382,yes,,,,,,,scuola dell’infanzia,,,,defibrillator,144,,node/10079597718,,no,,,,,scuola dell’infanzia,,,,,
10155478781,node,45.8468864,9.0050387,yes,,,,,,,"Attaccato al muro di fronte al parcheggio, colore verde. / Attached to the wall facing the parking lot, green colour.",,,,defibrillator,144,,node/10155478781,,no,,,,24/7,,,,,,
10159889558,node,45.8486616,9.0079918,yes,,,,,2025-05-04,,Appeso al muro del Municipio,,,,defibrillator,144,,node/10159889558,,no,0,,,24/7,Fondazione Cuore Ticino,,,,,yes
10159949214,node,45.8457904,9.0013067,yes,,,,,,,,,,,defibrillator,144,,node/10159949214,,no,0,,,24/7,,,,,,yes
10175189426,node,45.9883235,8.9338059,yes,,,,,,,"Dietro la chiesetta, sulla strada che scende verso la rotonda, attaccato alla parete esterna",,,,defibrillator,144,,node/10175189426,,no,,,,24/7,,,,,,
10182622617,node,46.1631869,8.8026881,yes,,,,,,,Eingang Stadion Lido,,,,defibrillator,144,,node/10182622617,,no,,,,24/7,,,,,,
10199732617,node,46.2973103,8.7904609,yes,,,,,,,öffentliches WC neben der Kirche,,,,defibrillator,144,,node/10199732617,,no,,,,,,,,,,
10245311709,node,45.8667565,8.9931971,yes,,,,,,,Via Pozzi Artisti 13,,,,defibrillator,144,,node/10245311709,,no,0,,,24/7,,,,,,
10250582209,node,46.2874325,8.6618971,yes,,,,,,,casa comunale vecchia;piano terreno fuori,,,,defibrillator,144,,node/10250582209,,no,0,,,24/7,commune (Maggia),+41917565030,,,,
10261265627,node,46.1496448,8.9443993,,,,,,,,,,,,defibrillator,144,,node/10261265627,,yes,,,,,,,,,,
10288559409,node,45.9857221,8.923754,yes,,,,,,,Certenago,,,Box verde / Green box,defibrillator,144,,node/10288559409,,no,,,,24/7,Comune Collina d'Oro,,,,,
10288561809,node,45.9908181,8.9312682,yes,,,,,,,Gentilino (Piazzale Posta) ,,,Box verde (ex cabina telefonica) / Green box (ex phone cabine) ,defibrillator,144,,node/10288561809,,no,,,,24/7,Comune Collina d'Oro,,,,,
10295016309,node,45.9344148,8.9146574,yes,,,,,,,Alp Vicania,,,,defibrillator,144,,node/10295016309,,no,,,,,,,,,,
10701414705,node,46.1749533,8.8558014,,,,,,,,"Centro Commerciale Tenero, accanto alla Farmacia Coop Vitality",,,available while store is open,defibrillator,144,,node/10701414705,,yes,1,,,Mo-Sa 08:00-18:30,Shopping Center,+41917352803,,"local_knowledge, defikarte.ch",,
10716549829,node,46.0203112,8.9580677,yes,,,,,,,,,,,defibrillator,144,,node/10716549829,,no,0,,,24/7,,,,,,yes
10726533305,node,46.2736489,8.6822787,yes,,,,,,,"Giumaglio, casa comunale",,,an der Wand am Haus,defibrillator,144,,node/10726533305,,no,0,,,24/7,Gemeinde,,,,,
10728389905,node,46.2745038,8.6813664,yes,,,,,,,Casa Comunale Giumaglio,,,gut sichtbar,defibrillator,144,,node/10728389905,,no,0,,,,,,,,,
10743125583,node,46.4020084,8.8773968,permissive,,,,,,,,,,,defibrillator,144,,node/10743125583,,yes,0,,,,,,,,,yes
10755705560,node,45.9893391,8.8203014,yes,,,,,,,,,,,defibrillator,144,,node/10755705560,,,0,,,24/7,,,,,,yes
10763310196,node,46.00782,8.95121,,,,,,,,Empfang,,,oranger Koffer,defibrillator,144,,node/10763310196,,yes,,,Walder Wyss AG,Mo-Fr 08:00-17:30,Lifetec AG Schweiz,+41 800 122 144,,,,
10763310197,node,46.16712,8.79768,no,,,,,,,Rechts vom Empfang,,,oranger Koffer,defibrillator,144,,node/10763310197,,yes,,,AON Schweiz AG,,Lifetec AG Schweiz,+41 800 122 144,,,,
10763310198,node,45.9316,8.90452,no,,,,,,,,,,oranger Koffer,defibrillator,144,,node/10763310198,,yes,,,Bucherer AG (Privat Person),,Lifetec AG Schweiz,+41 800 122 144,,,,
10763310199,node,45.84147,8.93455,no,,,,,,,Im Büro des Lagerleiters. Eingang erster Raum rechts,,,gelber Koffer,defibrillator,144,,node/10763310199,,yes,,,Eni Suisse S.A.,,Lifetec AG Schweiz,+41 800 122 144,,,,
10763310200,node,45.97996,8.92858,no,,,,,,,Eingangsbereich Büro Ersatzteillager,,,oranger Koffer,defibrillator,144,,node/10763310200,,yes,,,"Emil Frey SA, Auto-Centro Noranco-Lugano",,Lifetec AG Schweiz,+41 800 122 144,,,,
10763310201,node,46.00619,8.95081,no,,,,,,,"2.OG, Grossraumbüro",,,gelber Koffer,defibrillator,144,,node/10763310201,,yes,,,Reuss Private AG,,Lifetec AG Schweiz,+41 800 122 144,,,,
10763310202,node,46.19269,9.02453,,,,,,,,"EG, rechts bei Treppenaufgang",,,schwarzer Koffer,defibrillator,144,,node/10763310202,,yes,,,CSS Versicherung AG,"Mo-Fr 08:30-12:00, 13:30-17:00",Lifetec AG Schweiz,+41 800 122 144,,,,
10781555065,node,45.9820003,8.9173241,yes,,,,,,,all'interno della cabina,,,,defibrillator,144,,node/10781555065,,yes,0,,,24/7,,,,,,yes
10801703606,node,46.528053,8.5848924,yes,,,,,,,Mehrzweckhalle Haupteingang,,,In der Nacht Schlüssel bei der Wache,defibrillator,144,,node/10801703606,,yes,0,,,24/7,Waffenplatz Airolo,,,,,
10861859905,node,46.0036909,8.9538361,,,,,,,,,,,,defibrillator,144,,node/10861859905,,yes,0,,,Mo-Th 10:00-23:00; Fr-Sa 10:00-25:00,Mc Donald's,,,,,
10867067705,node,45.9907027,8.9440846,yes,,,,,,,"Esterno al Ascensore del autosilo, pianterreno",,,,defibrillator,144,,node/10867067705,,no,0,,,24/7,Communitá,,,,,
10887280812,node,45.984851,8.9797442,yes,,,,,,,,,,,defibrillator,144,,node/10887280812,,no,,,,,,,,,,
10904488964,node,45.9994045,9.0211688,,,,,,,,,,,,defibrillator,144,,node/10904488964,,yes,,,,,,,,,,
10904509039,node,45.9983551,9.0172977,yes,,,,,,,,,,,defibrillator,144,,node/10904509039,,no,,,,,,,,,,
10973627040,node,46.0123069,8.9608859,yes,,,,,,,,,,,defibrillator,144,,node/10973627040,,no,0,,,24/7,SUPSI,,,,,yes
10976407605,node,46.1431617,8.9039576,yes,,,,,,,"Beim Eingang, von extern erreichbar",,,,defibrillator,144,,node/10976407605,,no,1,,,24/7,armasuisse Immobilien,+41 58 483 40 95,,"local_knowledge, defikarte.ch",,
11034673561,node,46.0093476,8.9538802,yes,,,,,,,Bei der Zürich Versicherung,,,während Öffnungszeiten verfügbar,defibrillator,144,,node/11034673561,,yes,,,,,Zürich Versicherungs-Gesellschaft,,,,,
11038060213,node,46.4408265,8.8400477,,,,,,,,Bahnhof Lavorgo,,,,defibrillator,144,,node/11038060213,,no,0,,,24/7,,,,,,
11038063118,node,46.008744,8.95684,,,,,,,,Zurich Compagnia di Assicurazioni SA - Sede Regionale per il Ticino,,,während den Öffnungszeiten verfügbar,defibrillator,144,,node/11038063118,,yes,,,,"Mo-Fr 07:30-12:00,13:00-17:00",Zürich Versicherungs-Gesellschaft AG,+41919123636,,"local_knowledge, defikarte.ch",,
11038063705,node,45.9810282,8.9075512,yes,,,,,,,Bushaltestelle,,,öffentlich für jeder Zugänglich,defibrillator,144,,node/11038063705,,no,0,,,24/7,Gemeinde,,,,,
11038063727,node,45.9829924,8.9308172,,,,,,,,Zurich HelpPoint Lugano-Noranco,,,während den Öffnungszeiten verfügbar,defibrillator,144,,node/11038063727,,yes,,,,"Mo-Fr 07:30-12:00,13:30-17:00",Zürich Versicherungs-Gesellschaft AG,+41792089886,,"local_knowledge, defikarte.ch",,
11038063805,node,45.9810263,8.9075445,yes,,,,,,,Bushaltestelle,,,,defibrillator,144,,node/11038063805,,no,,,,24/7,Gemeinde,,,,,
11055649010,node,46.0029615,8.9619867,yes,,,,,,,"Outside on the wooden wall, in a green metal box.",,,,defibrillator,144,,node/11055649010,,,0,,,24/7,,,,,,yes
11071977109,node,46.1513696,8.9414169,,,,,,,,,,,,defibrillator,144,,node/11071977109,,yes,,,,,,,,,,
11089066905,node,46.1560129,8.7708129,yes,,,,,,,Eingang Parkhaus,,,,defibrillator,144,,node/11089066905,,no,0,,,24/7,,,,,,
11090331086,node,46.156143,8.6547033,yes,,,,,,,,,,,defibrillator,144,,node/11090331086,,no,,,,24/7,,,,,,
11107544505,node,46.0476245,8.9864731,yes,,,,,,,Entrata principale c/o Casa per Anziani - Fondazione Bianca Maria,,,,defibrillator,144,,node/11107544505,,no,,,,24/7,Fondazione Ticino Cuore,+41 91 611 47 97,,"local_knowledge, defikarte.ch",,
11107546305,node,46.0538531,8.9945519,yes,,,,,,,Ex cabina telefonica - Villa Luganese,,,,defibrillator,144,,node/11107546305,,no,,,,24/7,Fondazione Ticino Cuore,+41 91 611 47 97,,"local_knowledge, defikarte.ch",,
11108392567,node,46.0213075,8.9367215,,,,,,,,,,,In the staircase / Im Treppenhaus,defibrillator,144,,node/11108392567,,yes,,,,,,,,,,
11200770237,node,45.9841591,8.8699526,yes,,,,,,,Sala comunale - Outside by entrance,,,Green - On external wall,defibrillator,144,,node/11200770237,,no,,,,24/7,Municipality ,+41 91 606 21 28,,"local_knowledge, defikarte.ch",,
11200793937,node,45.986485,8.8686168,yes,,,,,,,Scuola elementare entrada,,,"Under covered entrance to elementary school, by outdoor basketball court",defibrillator,144,,node/11200793937,,no,,,,24/7,Municipality ,+41 91 606 21 28,,"local_knowledge, defikarte.ch",,
11201507837,node,45.9873865,8.8347907,yes,,,,,,,telefonkabine,,,gut beleuchtet,defibrillator,144,,node/11201507837,,no,,,,24/7,gemeinde,,,,,
11201507838,node,45.9926935,8.8379444,yes,,,,,,,telefonkabine,,,gut beleuchtet,defibrillator,144,,node/11201507838,,no,,,,24/7,gemeinde,,,,,
11232627681,node,46.3820993,9.0232554,,,,,,,,,,,,defibrillator,144,,node/11232627681,,no,,,,,,,,,,
11235314812,node,46.0099285,8.8572894,yes,,,,,,,,,,,defibrillator,144,,node/11235314812,,no,,,,,,,,,,
11246288337,node,46.1754752,8.8444736,yes,,,,,,,Rezeption Camping,,,seitlich an der Rezeption,defibrillator,144,,node/11246288337,,no,0,,,24/7,Campingplatz,,,,,
11250623637,node,46.1788692,8.8499478,yes,,,,,,,Casa comunale,,,Eingang,defibrillator,144,,node/11250623637,,no,0,,,24/7,,,,,,
11250997137,node,46.1935659,8.7846225,yes,,,,,,,Talstation Cimetta,,,Links neben Treppe die zum Eingang der Station führt,defibrillator,144,,node/11250997137,,no,0,,,24/7,Cardada impianti turistici SA,+41917353030,,,,
11259494530,node,46.0109535,8.9579681,,,,,,,,,,,,defibrillator,144,,node/11259494530,,yes,,,,,,,,,,
11259494531,node,46.0116375,8.9607115,,,,,,,,,,,,defibrillator,144,,node/11259494531,,,,,,,,,,,,
11348061870,node,46.1712742,8.8077304,yes,,,,,,,Kreuzung Viale Verbano Rabissale,,,Beim Gehweg an der Verzweigung,defibrillator,144,,node/11348061870,,no,,,,,,,,,,
11380248619,node,45.9870429,8.8798583,yes,,,,,,,,,,,defibrillator,144,,node/11380248619,,no,,,,,,,,,,
11393479769,node,45.845894,9.0156448,,,,,,,,"Via al Ponte 1, 6834 Morbio Inferiore",,,während der Öffnungszeiten verfügbar,defibrillator,144,,node/11393479769,,yes,1,,,Mo-Fr 07:30 -17:00,Lactalis Suisse SA,+41 91 986 30 20,,"local_knowledge, defikarte.ch",,
11500045650,node,45.9280198,8.9386817,yes,,,,,,,Post Brusino-Arsizio,,,zugänglich an Aussenwand,defibrillator,144,,node/11500045650,,no,,,,24/7,,,,,,
11528212169,node,45.9645005,8.8860673,yes,,,,,,,"Via Meriggi 54, 6987 Caslano, direkt anfangs Parkplatz",,,,defibrillator,144,,node/11528212169,,no,,,,24/7,SUSV - Schweizer Unterwasser-Sport-Verband,+41313014343,,"local_knowledge, defikarte.ch",,
11616127052,node,46.5184713,8.883333,yes,,,,,2025-11-08,,Outside wall,,,,defibrillator,144,,node/11616127052,,,0,,,24/7,,,,,,yes
11773318571,node,46.2320595,8.7121808,yes,,,,,,,Busshaltestelle Aurigeno Dorf,,,,defibrillator,144,,node/11773318571,,no,,,,24/7,Spusi,,,,,
11872064998,node,46.1822212,8.988186,yes,,,,,2024-04-30,,Ingresso (lato parcheggio) a Palestra & Sala Multiuso Ciossetto,,,,defibrillator,144,,node/11872064998,,no,,,,24/7,,,,,,
11893324172,node,46.0212623,8.9473235,yes,,,,,,,Bürogebäude Rataran,,,,defibrillator,144,,node/11893324172,,no,,,,,,,,,,
11895629569,node,46.1760183,8.8123193,yes,,,,,,,Fermata Minusio Piazza,,,,defibrillator,144,,node/11895629569,,no,,,,,,,,,,
11897204569,node,46.1687552,8.7860951,yes,,,,,,,Locarno Fermata S. Antonio,,,,defibrillator,144,,node/11897204569,,no,,,,,,,,,,
11920528594,node,45.8702425,8.9862804,,,,,,,,In faccia al lift e la cassa per il posteggio sotterraneo,,,,defibrillator,144,,node/11920528594,,no,,,,,Fondazione Ticino Cuore,,,,,
11922663692,node,45.862752,8.978811,yes,,,,,,,Appeso al muro di fianco alla porta della palestra,,,,defibrillator,144,,node/11922663692,,no,,,,24/7,Fondazione Cuore Ticino,,,,,
11989652069,node,46.1631544,8.8809174,yes,,,,,,,"Rega Basis, beim Haupteingang, Seitenwand links",,,24/7,defibrillator,144,,node/11989652069,,no,,,,24/7,"Schweizerische Rettungsflugwacht, Rega",+41 333 333 333,,"local_knowledge, defikarte.ch",,
11999186569,node,45.928285,8.9773071,yes,,,,,,,Neben Rezepion,,,Aussen am Gebäude angebracht,defibrillator,144,,node/11999186569,,no,0,,,24/7,Camping Monte Generoso,+41916498333,,,,
12000959669,node,46.0128135,8.9332325,,,,,,,,Coop,,,Ausserhalb vom Gebäude,defibrillator,144,,node/12000959669,,no,0,,,24/7,Coop,,,,,
12040241669,node,46.1674857,8.8507245,yes,,,,,,,Bademeisterhäuschen;aussen bei Eingang,,,,defibrillator,144,,node/12040241669,,no,0,,,24/7,CLM,,,,,
12094913433,node,46.122981,8.7136095,yes,,,,,,,,,,,defibrillator,144,,node/12094913433,,,0,,,24/7,,,,,,
12103149740,node,46.173292,9.0079461,,,,,,,,am Eingang der Schule,,,,defibrillator,144,,node/12103149740,,no,,,,,,,,,,
12144708911,node,46.4908016,8.736996,,,,,,2024-08-29,,"House nr 16, facing petrol station",,,,defibrillator,144,,node/12144708911,,no,0,House nr 16,,24/7,,,,,,
12185790310,node,46.2223012,8.8586038,yes,,,,,,,Under the roof right in front of the entrance.,,,,defibrillator,144,,node/12185790310,,,0,,,,,,,,,yes
12192734501,node,46.4742123,8.7752327,yes,,,,,,,Casa comunale Dalpe,,,Lato ovest / Armadio verde esterno ,defibrillator,144,,node/12192734501,,no,0,,,24/7,comune,,,,,
12192780001,node,46.2522926,9.020166,yes,,,,,,,Denner Claro,,,All’esterno / lato est / armadio verde,defibrillator,144,,node/12192780001,,no,0,,,24/7,Associazione,,,,,
12192931606,node,46.3118913,8.9868212,yes,,,,,,,Casa comunale ,,,Box rosso,defibrillator,144,,node/12192931606,,no,,,,24/7,Ticino cuore,,,,,
12192936203,node,46.3644213,8.9436613,yes,,,,,,,Casa comunale Pollegio,,,Armadio verde entrata lato strada cantonale,defibrillator,144,,node/12192936203,,no,,,,24/7,Comune di Pollegio,,,,,
12192948201,node,46.3784293,8.9118196,yes,,,,,,,Casa comunale Bodio,,,Atmadio verde nel sottoscale d’accesso alla casa comunale,defibrillator,144,,node/12192948201,,no,,,,24/7,Comune di Bodio,,,,,
12192954301,node,46.478358,8.8009078,yes,,,,,,,Farmacia delle Alpi,,,"Armadio verde all’esterno, di fianco all’entrata, lato strada cantonale",defibrillator,144,,node/12192954301,,no,,,,24/7,,,,,,
12312887801,node,46.0123454,8.815724,,,,,,,,WC Anlage,,,,defibrillator,144,,node/12312887801,,no,,,,24/7,Gemeinde Astano,,,,,
12323614298,node,45.8412675,8.9143701,yes,,,,,,,sul muro del gabbiotto della polizia di frontiera svizzera,,,,defibrillator,144,,node/12323614298,,no,0,,,24/7,,,,,,yes
12350515201,node,46.0137662,8.9641625,,,,,,,,"Via Taddei 6, Viganello",,,,defibrillator,144,,node/12350515201,,yes,,,,,Privat,+41919711262,,"local_knowledge, defikarte.ch",,
12369302201,node,46.036961,8.954822,yes,,,,,,,"Entrata del parcheggio, fermata posta",,,,defibrillator,144,,node/12369302201,,no,0,,,24/7,,,,,,
12453065801,node,46.1748785,8.8226565,yes,,,,,,,Green SOS post next to the path,,,,defibrillator,144,,node/12453065801,,no,,,,,,,,,,
12595681701,node,46.4936949,8.8165176,yes,,,,,,,atrio chiesa di Carì,,,24/24h,defibrillator,144,,node/12595681701,,no,,,,24/7,comune di Faido,,,,,
12647420945,node,45.9772688,8.9094113,yes,,,,,,,,,,,defibrillator,144,,node/12647420945,,no,0,,,24/7,,,,,,yes
12694834201,node,46.0009246,8.9245535,,,,,,,,incrocio via dei panora,,,deibrillatore pubblico,defibrillator,144,,node/12694834201,,no,,,,,comune,,,,,
12697016920,node,45.9993494,8.9483336,permissive,,,,,,,all'entrata alla destra,,,,defibrillator,144,,node/12697016920,,yes,0,,,,LAC,,,,,yes
12724854600,node,45.8591011,8.9777643,yes,,,,,,,Appeso al muro di fianco alla porta della palestra,,,,defibrillator,144,,node/12724854600,,no,,,,24/7,Fondazione Cuore Ticino,,,,,
12736533753,node,46.0050886,8.9565164,permissive,,,,,,,alla destra della receiption,,on the right of the receiption,,defibrillator,144,,node/12736533753,,yes,0,,,Mo-Fr 08:30-18:00; Sa-Su closed; PH closed,Centro congressi,,,,,yes
12812242501,node,46.1722123,8.7612044,,,,,,,,a bordo strada vicino ai cassoni dell'immondizia,,,,defibrillator,144,,node/12812242501,,no,,,,24/7,,,,,,
12812244601,node,46.1779911,8.7571217,,,,,,,,prima della sbarra del meriggio,,,,defibrillator,144,,node/12812244601,,no,,,,24/7,,,,,,
12833058618,node,46.00606,8.952574,yes,Lugano,9,6900,Corso Enrico Pestalozzi,,,Eingangsbereich,,,Schwarzer Koffer,defibrillator,144,,node/12833058618,,yes,0,,CSS Versicherung,MO-DO 09.00 - 17.00 FR 09.00 - 16.00,Lifetec AG,+41800122144,1561LTM,,,
12864765016,node,46.1764624,8.699555,,,,,,,,In front of the building.,,,,defibrillator,144,,node/12864765016,,no,,,,,,,,,,
12957196962,node,45.9973718,8.8998369,yes,,,,,,,sulla destra della banca Raiffeisen,,,,defibrillator,144,,node/12957196962,,no,0,,,24/7,,,,,,yes
12959198101,node,46.048908,8.8900795,yes,,,,,,,Postautohaltedtelle „Paese“ 6939 Mugrna,,,,defibrillator,144,,node/12959198101,,no,,,,24/7,?,,,,,
12959202701,node,46.0467766,8.9005436,yes,,,,,,,Alte Telefonkabine,,,,defibrillator,144,,node/12959202701,,no,,,,24/7,?,,,,,
12959274801,node,46.117147,8.9296192,,,,,,,,Briccola Comune Monteceberi,,,,defibrillator,144,,node/12959274801,,no,,,,24/7,Gemeinde,,,,,
12959281102,node,46.1151906,8.9264375,,,,,,,,Centro sportive,,,,defibrillator,144,,node/12959281102,,no,,,,24/7,?,,,,,
12959310001,node,46.1758877,8.8961177,,,,,,,,Scuole elementrie Lavertezzo Piano,,,,defibrillator,144,,node/12959310001,,no,,,,24/7,?,,,,,
12982755984,node,45.9904533,8.9470361,,,,,,,,,,,,defibrillator,,,node/12982755984,,no,,,,,,,,,,
12993884001,node,46.1569678,8.9660829,yes,,,,,,,Ufficio,,,disponibile durante gli orari di apertura,defibrillator,144,,node/12993884001,,yes,,,,Mo-Fr 08:00-17:00,Galliker Transport AG,+41 62 748 82 23,,"local_knowledge, defikarte.ch",,
12997331962,node,46.1725934,8.8020923,,,,,,2025-07-13,,,,,,defibrillator,,,node/12997331962,,,-1,In access tunnel to the FART platform,,,,,,,,
13001321535,node,46.0981653,8.9276439,yes,,,,,,,,,,,defibrillator,,,node/13001321535,,no,,,,24/7,,,,,,
13033643982,node,45.850771,8.9437581,yes,,,,,,,"Under the roof, green metal box on the wall.",,,,defibrillator,,,node/13033643982,,no,,,,24/7,,,,,,
13033933662,node,45.8579535,8.9424465,yes,,,,,,,"In green metal box, standing on the lawn.",,,,defibrillator,,,node/13033933662,,no,,,,24/7,,,,,,
13057503701,node,46.1517877,8.9354038,yes,,,,,,,Pfister Center,,,während Öffnungszeiten verfügbar,defibrillator,144,,node/13057503701,,yes,0,,,9:00-18:30,Möbel Pfister AG,+41 91 851 71 11,,"local_knowledge, defikarte.ch",,
13078171401,node,46.0449437,8.9797354,yes,,,,,,,Centro sportivo Cadro,,,Armadietto A2 7/7 H24 Esterno nuovi spogliatoi,defibrillator,144,,node/13078171401,,no,,,,24/7,Fondazione Ticinocuore,,,"local_knowledge, defikarte.ch",,
13130984150,node,46.570056,8.9432616,yes,,,,,,,"Sul muro esterno dell'oratorio, lato nord-est",,,,defibrillator,144,,node/13130984150,,no,0,,,24/7,,,,,,yes
13173926038,node,46.1685315,8.855741,yes,,,,,,,,,,,defibrillator,144,,node/13173926038,,no,,,,24/7,,,,,,
13180601689,node,46.2971656,8.7904129,,,,,,,,,,,,defibrillator,,,node/13180601689,,,,,,,,,,,,
13259723171,node,46.2108249,8.7455867,yes,,,,,,,,,,,defibrillator,,,node/13259723171,,no,,,,24/7,,,,,,
13316752404,node,45.8625943,9.0281934,,,,,,,,Azienda Forestale AFOR RVM,,,Disponibile durante gli orari di apertura,defibrillator,144,,node/13316752404,,yes,1,,,Mo-Fr 07:00-17:00,Fondazione Ticino Cuore,,,,,
13317374301,node,45.8625942,9.0281869,,,,,,,,Sede Azienda Forestale AFOR,,,SÌ,defibrillator,144,,node/13317374301,,yes,1,,,Mo-Fr 07:00 - 17:00,Fondazione Ticino Cuore,,,,,
13350807036,node,46.1695283,8.8492672,,,,,,,,"Outside on the wall next to the changing rooms, in green metal box.",,,,defibrillator,,,node/13350807036,,no,,,,24/7,,,,,,yes
13381281656,node,46.1542489,8.9947104,,,,,,,,,,,,defibrillator,144,,node/13381281656,,,,,,24/7,,,,,,
13427410701,node,46.5099942,8.6877024,,,,,,,,"Scuola media Ambrì, ingesso principale",,,Sempre,defibrillator,144,,node/13427410701,,yes,,,,,,,,,,
13436270601,node,46.13424,8.9970277,,,,,,,,caserma,,,,defibrillator,144,,node/13436270601,,no,,,,,,,,,,
13446284429,node,45.837247,9.0257701,,,,,,,,,,,,defibrillator,,,node/13446284429,,yes,0,,,,,,,,,
13460630401,node,46.0192351,8.9741686,yes,,,,,,,Punto Città,,,Esterno punto Città. Possibilità modalità pediatrica,defibrillator,144,,node/13460630401,,no,,,,24/7,,,,,,
13535969901,node,45.9784794,8.8508858,yes,,,,,,,"di fronte alla fermata autopostale, ex gabina telefonica",,,,defibrillator,144,,node/13535969901,,no,,,,24/7,Tresa,,,,,
13634103501,node,46.223028,9.02076,,,,,,,,Abzweiger,,,Freistehend,defibrillator,144,,node/13634103501,,no,,,,24/7,Patrizziato,,,,,
13705688989,node,46.260957,8.6871278,,,,,,,,,,,,defibrillator,,,node/13705688989,,no,,,,,,,,,,
