osm_id,osm_type,lat,lon,access,addr:city,addr:housenumber,addr:postcode,addr:street,check_date,colour,contact:phone,defibrillator:location,description,emergency,emergency:phone,id,image,indoor,level,name,note,opening_hours,operator,outdoor,phone,ref,source,wheelchair
2098935833,node,47.1775874,8.888641,yes,,,,,,,,Zürcherstrasse - Paradiesweg neben Garagengebäude,,defibrillator,144,node/2098935833,,no,,,,24/7,Gemeinde Galgenen,,,,,
5536021478,node,47.0610269,8.8555652,,,,,,,,,,,defibrillator,144,node/5536021478,,,,,,24/7,,,,,,
5536021479,node,47.0629144,8.8497233,,,,,,,,,,,defibrillator,144,node/5536021479,,,,,,24/7,,,,,,
5823349636,node,47.1932953,8.8945908,,Wangen,2,8855,Seestrasse,,,,Im Mehrzweckgebäude,,defibrillator,144,node/5823349636,,yes,,,,24/7,,,,,,
5846736972,node,47.2003043,8.7928444,,,,,,,,,,,defibrillator,144,node/5846736972,,yes,0,,,24/7,,,,,,
5929901485,node,47.0873851,8.4442441,yes,,,,,,,,"Rigihalle Küssnacht, Beim Eingang rechts",,defibrillator,144,node/5929901485,,,,,,24/7,Rettungsdienst Küssnacht,,+41 79 101 93 00,,,
6055789439,node,47.0300544,8.6305097,yes,,,,,,,,"Schulhaus Seerüti Engibergweg 3, 6423 Seewen",,defibrillator,144,node/6055789439,,no,,,,24/7,Gemeinde Schwyz,,+41 41 819 07 25,,,
6264028840,node,47.191743,8.8555813,,,,,,,,,Neben der Coop Recycling-Station im Parterre,,defibrillator,144,node/6264028840,,yes,0,,,Mo-Sa 08:00-20:00,,,,,,
6796313255,node,47.1755361,8.922137,yes,,,,,,,,Ostseite von Carosserie Steiner,,defibrillator,144,node/6796313255,,no,0,,,24/7,resQshock GmbH,,,,,
6976909939,node,46.9780139,8.6678677,yes,,,,,,,,"Stoosbahn, Bergstation",,defibrillator,144,node/6976909939,,no,,,,24/7,Stoosbahnen AG,,+41 41 818 08 08,,,
6976909940,node,46.9913578,8.673498,yes,,,,,2026-04-03,,,Ganz links beim Briefkasten,,defibrillator,144,node/6976909940,,no,,,,24/7,Stoosbahnen AG,,+41 41 818 08 08,,,
6976909941,node,46.9874092,8.7241797,yes,,,,,,,,Gemeindekanzlei,,defibrillator,144,node/6976909941,,,,,,24/7,Gemeindeverwaltung Illgau,,+41 41 830 10 66,,,
6976909942,node,47.1209242,8.7415397,yes,,,,,,,,Feuerwehrlokal,,defibrillator,144,node/6976909942,,yes,,,,24/7,Bezirksverwaltung Einsiedeln,,+41 55 418 41 01,,,
6976909943,node,47.1224461,8.7348813,yes,,,,,,,,"Neben dem Eingang, Werkhof",,defibrillator,144,node/6976909943,,,0,,,24/7,Bezirksverwaltung Einsiedeln,,+41 55 418 41 01,,,limited
6976909944,node,47.2170855,8.7781199,yes,,,,,,,,"Ufenau, Restaurant, WC Herren",,defibrillator,144,node/6976909944,,yes,,,,24/7,Siko Höfe,,+41 79 478 55 99,,,
6976909945,node,47.1496278,8.7646163,yes,,,,,,,,Badeanstalt Roblosen,,defibrillator,144,node/6976909945,,,,,,24/7,Bezirksverwaltung Einsiedeln,,+41 55 418 41 01,,,
6976909946,node,47.1285049,8.7512939,yes,,,,,,,,altes Schulhaus,,defibrillator,144,node/6976909946,,,,,,24/7,Bezirksverwaltung Einsiedeln,,+41 55 418 41 01,,,
6976909947,node,47.1619817,8.7830188,yes,,,,,,,,Schulhaus,,defibrillator,144,node/6976909947,,,,,,24/7,Bezirksverwaltung Einsiedeln,,+41 55 418 41 01,,,
6976909948,node,47.1297537,8.7933088,yes,,,,,,,,Schulhaus,,defibrillator,144,node/6976909948,,,,,,24/7,Bezirksverwaltung Einsiedeln,,+41 55 418 41 01,,,
6976909949,node,47.0944792,8.8170272,yes,,,,,,,,Silac AG,,defibrillator,144,node/6976909949,,,,,,24/7,Bezirksverwaltung Einsiedeln,,+41 55 418 41 01,,,
6976909950,node,47.1157421,8.7744782,yes,,,,,,,,Schulhaus,,defibrillator,144,node/6976909950,,no,,,,24/7,Bezirksverwaltung Einsiedeln,,+41 55 418 41 01,,,
6976909951,node,47.0979264,8.7243022,yes,,,,,,,,Schulhaus,,defibrillator,144,node/6976909951,,,,,,24/7,Bezirksverwaltung Einsiedeln,,+41 55 418 41 01,,,
6976909952,node,47.2025402,8.9398791,yes,,,,,,,,Gemeindehaus,,defibrillator,144,node/6976909952,,,,,,24/7,SEE Tuggen,,+41 55 465 65 14,,,
6976909953,node,47.1048568,8.6739666,yes,,,,,,,,Sportplatz Mittelpunktschulhaus unter der Treppe,,defibrillator,144,node/6976909953,,no,0,,,24/7,Gemeindeverwaltung Rothenthurm,,+41 41 839 80 20,,,
6976909954,node,47.105964,8.6745948,yes,,,,,,,,SOB Bahnhof Rothenthurm Perron Gleis 1/2,,defibrillator,144,node/6976909954,,no,,,,24/7,Schweizerische Südostbahn,,+41 58 580 70 70,,,
6976909955,node,47.0900382,8.4516446,yes,,,,,,,,C. Vanoli AG Bauunternehmung,Immer Zuggänglich,defibrillator,144,node/6976909955,,no,0,,,24/7,"C. Vanoli AG, Bauunternehmung",,+41 41 854 60 60,,,
6976909956,node,47.2020656,8.7786016,yes,,,,,,,,"Schwyzer Kantonalbank, direkt nach dem Eingang recht an der Wand, 24h-Zone",,defibrillator,144,node/6976909956,,yes,0,,,24/7,Schwyzer Kantonalbank,,+41 58 800 20 20,,,yes
6976909957,node,47.174737,8.8982783,yes,,,,,,,,"Schwyzer Kantonalbank, 24h-Zone",,defibrillator,144,node/6976909957,,yes,,,,24/7,Schwyzer Kantonalbank,,+41 58 800 20 20,,,
6976909958,node,47.1912645,8.8527763,yes,,,,,,,,"Schwyzer Kantonalbank, 24h-Zone",,defibrillator,144,node/6976909958,,yes,,,,24/7,Schwyzer Kantonalbank,,+41 58 800 20 20,,,
6976909959,node,47.0132255,8.6449463,yes,,,,,,,,Nebeneingang Pfarrheim Ibach (Parkplatz),,defibrillator,144,node/6976909959,,no,,,,24/7,Pfarrei St. Anton,,+41 41 818 61 20,,,
6976909960,node,47.1975792,8.7343796,yes,,,,,,,,SOB Haltestelle Wilen,,defibrillator,144,node/6976909960,,no,,,,24/7,Schweizerische Südostbahn,,+41 58 580 70 70,,,
6976909961,node,47.2015534,8.7893333,yes,,,,,,,,Verkehrsamt Pfäffikon,,defibrillator,144,node/6976909961,,no,,,,24/7,Verkehrsamt Pfäffikon,,+41 41 819 17 55,,,
6976909962,node,47.1567398,8.7227179,yes,,,,,,,,"Vor dem Bahnhof, nähe Gleis 2",,defibrillator,144,node/6976909962,,no,0,,,24/7,Schweizerische Südostbahn,,+41 58 580 70 70,,,limited
6976909963,node,47.2039762,8.7590364,yes,,,,,,,,SOB Bahnhof Freienbach (auf dem Perron zwischen Gleis 1 und 2),,defibrillator,144,node/6976909963,,no,0,,,24/7,Schweizerische Südostbahn,,+41 58 580 70 70,,,
6976909964,node,47.1763958,8.7091819,yes,,,,,,,,"SOB Bahnhof Schindellegi, Perron",,defibrillator,144,node/6976909964,,no,,,,24/7,Schweizerische Südostbahn,,+41 58 580 70 70,,,
6976909965,node,47.1955595,8.7250163,yes,,,,,,,,"SOB Bahnhof Wollerau, Gleis 2",,defibrillator,144,node/6976909965,,no,,,,24/7,Schweizerische Südostbahn,,+41 58 580 70 70,,,
6976909966,node,47.1967628,8.712411,yes,,,,,,,,Unterstand Gleis 1,,defibrillator,144,node/6976909966,,no,,,,24/7,Schweizerische Südostbahn,,+41 58 580 70 70,,,
6976909967,node,47.1954934,8.7194866,yes,,,,,,,,"Schwyzer Kantonalbank, Aussenbereich vor 24h-Zone",,defibrillator,144,node/6976909967,,no,,,,24/7,Schwyzer Kantonalbank,,+41 58 800 20 20,,,
6976909968,node,47.1741013,8.9537124,yes,,,,,,,,Parkplatz Kirche,,defibrillator,144,node/6976909968,,no,,,,24/7,resQshock GmbH,,+41 55 460 22 44,,,
6976909969,node,46.9989953,8.609189,yes,,,,,,,,Mivera AG,,defibrillator,144,node/6976909969,,,,,,24/7,Mivera AG,,+41 41 820 30 70,,,
6976909970,node,47.1280363,8.7442567,yes,,,,,,,,Bei Wartehalle,,defibrillator,144,node/6976909970,,no,,,,24/7,Bahnreisezentrum Einsiedeln,,+41 58 580 75 31,,,
6976909971,node,47.0702118,8.7160137,yes,,,,,,,,Mehrzweckanlage,,defibrillator,144,node/6976909971,,yes,,,,24/7,Gemeinde Alpthal,,+41 78 707 41 95,,,
6976909972,node,47.1924575,8.8632735,yes,,,,,,,,MZ Sanitär + Heizung AG,,defibrillator,144,node/6976909972,,,,,,24/7,resQshock GmbH,,+41 55 460 22 44,,,
6976909973,node,47.0023163,8.6437938,yes,,,,,,,,Firma impuls,,defibrillator,144,node/6976909973,,,,,,24/7,resQshock GmbH,,+41 55 460 22 44,,,
6976909974,node,47.1927061,8.8523239,yes,,,,,,,,Firma RE/MAX Stern Lachen,,defibrillator,144,node/6976909974,,no,,,,24/7,resQshock GmbH,,+41 55 460 22 44,,,
6976909975,node,47.0324216,8.5970766,yes,,,,,,,,Restaurant Schwanau,,defibrillator,144,node/6976909975,,,,,,24/7,SIBE Stefan Schlegel,,+41 41 819 16 33,,,
6976909976,node,47.1707483,8.9752137,yes,,,,,,,,Zur Rose Reichenburg Eingang,,defibrillator,144,node/6976909976,,,,,,24/7,Zur Rose Reichenburg,,+41 55 464 41 41,,,
6976909977,node,46.9949015,8.6083634,yes,,,,,,,,Baudepartement Kanton Schwyz,,defibrillator,144,node/6976909977,,,,,,24/7,Baudepartement Kanton Schwyz,,+41 41 819 25 16,,,
6976909978,node,47.1927114,8.7143337,yes,,,,,,,,Felsenrainstrasse 11,,defibrillator,144,node/6976909978,,no,,,,24/7,Flurgenossenschaft Felsenreinstrasse,,+41 44 784 76 56,,,
6976909980,node,47.0408949,8.7805099,yes,,,,,,,,Gemeindehaus,,defibrillator,144,node/6976909980,,,,,,24/7,Gemeinde Oberiberg,,+41 55 414 31 03,,,
6976909981,node,47.1904542,8.8608579,yes,,,,,,,,Waschanlage Froschkönig,,defibrillator,144,node/6976909981,,,,,,24/7,resQshock GmbH,,+41 55 460 22 44,,,
6976909982,node,47.2063526,8.7751881,yes,,,,,,,,Clubhaus Seeanlage,,defibrillator,144,node/6976909982,,yes,,,,24/7,Gemeinde Freienbach,,+41 78 605 77 27,,,
6976909983,node,47.0221038,8.6509567,yes,,,,,,,,Sparkasse Schwyz AG,,defibrillator,144,node/6976909983,,,,,,24/7,Sparkasse Schwyz AG,,+41 41 819 02 50,,,
6976909984,node,47.1770982,8.9000712,yes,,,,,,,,Kapellstrasse 7,,defibrillator,144,node/6976909984,,no,,,,24/7,resQshock GmbH,,+41 55 460 22 44,,,
6976938385,node,47.1726512,8.899804,yes,,,,,,,,neben Garageneinfahrt,,defibrillator,144,node/6976938385,,no,,,,24/7,resQshock GmbH,,+41 55 460 22 44,,,
6976938386,node,47.1940121,8.8521178,yes,,,,,,,,Seeanlage,,defibrillator,144,node/6976938386,,no,,AED Seeanlage,,24/7,resQshock GmbH,,+41 55 460 22 44,,,yes
6976938387,node,46.9734921,8.758979,yes,,,,,,,,Feuerwehrlokal,,defibrillator,144,node/6976938387,,,,,,24/7,Samariterverein Muotathal,,+41 41 830 24 28,,,
6976938388,node,47.0426493,8.4871149,yes,,,,,,,,Rigi Klösterli Bahnstation Eingangsbereich,Eingangsbereich,defibrillator,144,node/6976938388,,yes,,,Tel. 041 811 15 55,24/7,Rigi Bahnen AG,,,,,
6976938389,node,47.0096017,8.6353428,yes,,,,,,,,Elektrizitätswerke Schwyz AG (EWS),,defibrillator,144,node/6976938389,,,,,,24/7,Elektrizitätswerk Schwyz AG,,+41 41 818 33 33,,,
6976938390,node,47.0041782,8.645532,yes,,,,,,,,Sand und Kies AG Schwyz,,defibrillator,144,node/6976938390,,,,,,24/7,Sand und Kies AG Schwyz,,+41 41 811 13 33,,,
6976938391,node,47.0736116,8.8357445,yes,,,,,,,,Nordic Haus,,defibrillator,144,node/6976938391,,,0,,,24/7,Langlaufclup Studen,,+41 55 414 50 37,,,limited
6976938392,node,47.1917053,8.8301169,yes,,,,,,,,Gemeindeverwaltung im Zwischengang,,defibrillator,144,node/6976938392,,no,,,,24/7,Gemeinde Altendorf,,+41 55 451 77 77,,,
6976938393,node,47.1486359,8.7292388,yes,,,,,,,,Schulhaus,,defibrillator,144,node/6976938393,,,,,,24/7,Samariterverein Einsiedeln,,+41 55 534 41 48,,,
6976938394,node,47.1275382,8.7453386,yes,,,,,,,,Raiffeisenbank,,defibrillator,144,node/6976938394,,,,,,24/7,Samariterverein Einsiedeln,,+41 55 534 41 48,,,
6976938395,node,47.020052,8.6502169,yes,,,,,,,,Amt für Migration,,defibrillator,144,node/6976938395,,,,,,24/7,Amt für Migration,,+41 41 819 12 85,,,
6976938396,node,47.0810607,8.4393594,yes,,,,,,,,Monséjour Zentrum am See,,defibrillator,144,node/6976938396,,,,,,24/7,Monséjour Abwart,,+41 41 850 30 20,,,
6976938397,node,47.0214408,8.649038,yes,,,,,,,,Steuerverwaltung,,defibrillator,144,node/6976938397,,no,,,,24/7,Steuerverwaltung,,+41 41 819 23 45,,,
6976938398,node,47.0496519,8.6118478,yes,,,,,,,,Schwyzer Kantonalbank,,defibrillator,144,node/6976938398,,,,,,24/7,Gemeinde Steinen,,+41 41 833 81 00,,,
6976938399,node,47.213806,8.8038225,yes,,,,,,,,Heim St. Antonius,,defibrillator,144,node/6976938399,,no,,,,24/7,Heim St. Antonius,,+41 55 415 50 83,,,
6976938400,node,47.000904,8.6160685,yes,,,,,,,,Parkplatz Friedhof,,defibrillator,144,node/6976938400,,,,,,24/7,Gemeinde Ingenbohl-Brunnen,,+41 41 825 05 62,,,
6976938401,node,47.0264061,8.6327838,yes,,,,,,,,Sicher Schilter,,defibrillator,144,node/6976938401,,,,,,24/7,Rettungsdienst Schwyz AG,,+41 41 811 15 55,,,
6976938402,node,47.0964883,8.462845,yes,,,,,2025-07-19,,,Dorfladen,,defibrillator,144,node/6976938402,,,,,,24/7,Rettungsdienst Küssnacht,,+41 79 101 93 00,,,
6976938404,node,47.10561,8.9198493,yes,,,,,,,,Gemeindeverwaltung,,defibrillator,144,node/6976938404,,,,,,24/7,Gemeinde Innerthal,,+41 55 446 11 49,,,
6976938405,node,47.1227835,8.8975343,yes,,,,,,,,Mehrzweckgebäude,,defibrillator,144,node/6976938405,,,,,,24/7,Gemeinde Vorderthal,,+41 55 446 60 01,,,
6976938406,node,47.0274855,8.5222035,yes,,,,,,,,Bergstation Rigi Scheidegg,Im Eingangsbereich,defibrillator,144,node/6976938406,,yes,,,Tel. 041 811 15 55,24/7,Rigi Bahnen AG,,,,,
6976938407,node,47.0077044,8.7105015,yes,,,,,,,,Berggasthaus Hand,,defibrillator,144,node/6976938407,,,,,,24/7,Berggasthaus Hand,,+41 41 811 23 62,,,
6976938408,node,47.2004128,8.7218157,yes,,,,,,,,Aussenwand Badihaus,,defibrillator,144,node/6976938408,,yes,,,,24/7,Gemeinde Wollerau,,+41 79 129 77 00,,,
6976938409,node,47.1999026,8.752413,yes,,,,,,,,"Parkplatzseitig, rechts am Kassenschalter",,defibrillator,144,node/6976938409,,,,,,24/7,Gemeinde Freienbach,,+41 79 629 54 30,,,
6976938410,node,47.0210058,8.7030502,yes,,,,,,,,Bergstation Restaurant Gipfelstubli,Im Eingangsbereich links,defibrillator,144,node/6976938410,,,,,,24/7,Luftseilbahn Rotenfluebahn AG,,+41 41 819 70 00,,,
6976938411,node,47.0558885,8.5356205,yes,,,,,,,,"Frohsinn, Zentrum für aktives Alter, im Eingangsbereich",,defibrillator,144,node/6976938411,,,,,,24/7,"Frohsinn, Zentrum für aktives Alter",,+41 41 859 03 77,,,
6976938412,node,46.9950307,8.5991887,yes,,,,,,,,Hallenbad,,defibrillator,144,node/6976938412,,no,,,,24/7,Gemeinde Ingenbohl-Brunnen,,+41 41 825 05 62,,,
6976938413,node,46.9980729,8.6122984,yes,,,,,,,,Dreifachturnhalle,,defibrillator,144,node/6976938413,,,,,,24/7,Gemeinde Ingenbohl-Brunnen,,+41 41 825 05 62,,,
6976938414,node,46.9815211,8.6184715,yes,,,,,,,,Tourist Info Pavillon,,defibrillator,144,node/6976938414,,no,,,,24/7,Gemeinde Morschach,,+41 41 825 13 30,,,
6976938415,node,46.9471062,8.6658732,yes,,,,,,,,"Schulhaus, bei WC Anlage",,defibrillator,144,node/6976938415,,,,,,24/7,Gemeinde Riemenstalden,,+41 41 820 03 23,,,
6976938416,node,47.1882653,8.7488363,yes,,,,,,,,Primarschulhaus,,defibrillator,144,node/6976938416,,,,,,24/7,Schulhausabwart,,+41 44 784 43 22,,,
6976938418,node,46.9864052,8.7141906,yes,,,,,,,,Schulhaus,,defibrillator,144,node/6976938418,,,,,,24/7,Samariterverein Muotathal,,+41 41 830 24 28,,,
6976938419,node,47.0156166,8.6481037,yes,,,,,,,,"Mythen Center Aussenbereich, Eingang Schmiedgasse",,defibrillator,144,node/6976938419,,no,,,,24/7,Keller Apotheke,,+41 58 800 20 20,,,
6976938420,node,47.0453865,8.5489517,yes,,,,,2024-03-10,,,"Spitex Regio Arth-Goldau - Rechte Seite des Gebäudes, montiert an der Wand unter dem Balkon",,defibrillator,144,node/6976938420,,,0,,,24/7,Spitex Regio Arth-Goldau,,+41 41 859 14 00,,,
6976938421,node,46.9965689,8.6070299,yes,,,,,,,,Schwyzer Kantonalbank,,defibrillator,144,node/6976938421,,no,,,,24/7,Gemeinde Ingenbohl,,+41 58 800 20 20,,,
6976938422,node,47.1049058,8.6769322,yes,,,,,,,,Gemeindeverwaltung,,defibrillator,144,node/6976938422,,no,,,,24/7,Gemeindeverwaltung Rothenthurm,,+41 41 839 80 20,,,
6976938423,node,47.0314567,8.6444616,yes,,,,,,,,"Verkehrsamt Schwyz, Haupteingang links",,defibrillator,144,node/6976938423,,,,,,24/7,Baudepartement des Kt. Schwyz,,+41 41 819 25 26,,,
6976938424,node,47.0674736,8.6499062,yes,,,,,,,,Bergstation Mostelberg,,defibrillator,144,node/6976938424,,,,,,24/7,Sattel-Hochstuckli AG,,+41 41 836 80 80,,,
6976938425,node,47.0827626,8.6357253,yes,,,,,,,,Turnhalle Schulhaus,,defibrillator,144,node/6976938425,,,,,,24/7,"Samariterverein Sattel, Albert Holdener",,+41 78 662 38 24,,,
6976938426,node,47.0498173,8.5479193,yes,,,,,2024-03-10,,,Schwyzer Kantonalbank,,defibrillator,144,node/6976938426,,no,0,,,24/7,Schwyzer Kantonalbank,yes,+41 58 800 20 20,,,
6976938427,node,47.0246295,8.652912,yes,,,,,,,,"Kantonsschule Kollegium, Haupteingang",,defibrillator,144,node/6976938427,,,,,,24/7,"Kollegium Schwyz, Verwaltung",,+41 41 819 77 00,,,
6976938428,node,47.0332015,8.5840022,yes,,,,,,,,,,defibrillator,144,node/6976938428,,no,,,,24/7,,,,,,
6976938429,node,47.0734204,8.4345293,yes,,,,,,,,Strandbad,,defibrillator,144,node/6976938429,,,,,,24/7,Rettungsdienst Küssnacht,,+41 79 101 93 00,,,
6976938430,node,47.0511799,8.5495852,yes,,,,,,,,"Alterszentrum Mythenpark, im Windfang",,defibrillator,144,node/6976938430,,,,,,24/7,Alterszentrum Mythenpark,,+41 41 859 09 59,,,
6976938432,node,47.0631629,8.5241356,yes,,,,,,,,Schulhaus Hofmatt,,defibrillator,144,node/6976938432,,no,,,,24/7,Gemeindeverwaltung Arth,,+41 41 859 02 02,,,
6976938434,node,47.1269447,8.7492653,yes,,,,,,,,Am Gebäude der Engel-Apotheke,,defibrillator,144,node/6976938434,,,,,,24/7,Engel-Apotheke Einsiedeln AG,,+41 55 418 81 41,,,
6976938435,node,47.0820127,8.43977,yes,,,,,,,,"Schwyzer Kantonalbank, 24h-Zone",,defibrillator,144,node/6976938435,,yes,,,,24/7,Schwyzer Kantonalbank,,+41 58 800 20 20,,,
6976938437,node,47.0487769,8.5478226,yes,,,,,,,,"Bahnstation Hochperron, Rigi Bahnen AG",,defibrillator,144,node/6976938437,,yes,,,,24/7,Rigi Bahnen AG,,+41 41 811 15 55,,,
6976938438,node,47.0534142,8.4741581,yes,,,,,,,,Schalterraum Bahnstation Rigi Bahnen AG,,defibrillator,144,node/6976938438,,yes,,,Tel. 041 811 15 55,24/7,Rigi Bahnen AG,,,,,
6976938439,node,47.1886914,8.7052644,yes,,,,,,,,Freizeitpark Erlenmoos,,defibrillator,144,node/6976938439,,,,,,24/7,Gemeinde Wollerau,,+41 79 848 37 73,,,
6976938440,node,47.196424,8.7210478,yes,,,,,2026-01-26,,,Parkhaus,,defibrillator,144,node/6976938440,https://data.geo.sz.ch/public/Themen/A079a/Bilder/Wollerau_5/5.jpg,no,,,,24/7,Gemeinde Wollerau,,+41 79 129 77 00,,,
6976938441,node,47.1762643,8.7161844,yes,,,,,,,,Eingang Sporthalle Maihof,,defibrillator,144,node/6976938441,,,,,,24/7,Schulhausabwart,,+41 43 888 25 49,,,
6976938442,node,47.020948,8.6523288,yes,,,,,,,,Am Gebäude der Apotheke Hofmatt,,defibrillator,144,node/6976938442,,no,,,,24/7,Apotheke Hofmatt,,+41 41 811 56 16,,,
6976938443,node,46.9942368,8.6054383,yes,,,,,,green,,Am Gebäude der Apotheke Rütli,Apotheke Rütli,defibrillator,144,node/6976938443,,no,,,,24/7,Gemeinde Ingenbohl-Brunnen,,+41 41 825 05 62,,,yes
6976938444,node,47.2029111,8.7782246,yes,,,,,,,,Bahnhof SBB,,defibrillator,144,node/6976938444,,no,0,,,24/7,Gemeinde Freienbach,,+41 79 478 55 99,,,limited
6982050773,node,47.2002003,8.7791222,yes,,,,,,,,Im Eingangsbereich des Pflegeheims,,defibrillator,144,node/6982050773,,yes,0,,,24/7,,,,,,
6985057450,node,47.1814845,8.9009119,customers,,,,,,,,Im Eingangsbereich der Turnhalle,,defibrillator,144,node/6985057450,,yes,0,,,24/7,,,,,,
6992954768,node,47.1731128,8.9291369,,,,,,,,,vor Bistro Kiosk Post,,defibrillator,144,node/6992954768,,no,,,,24/7,ResQshock GmbH,,,,,
6992994100,node,47.1752641,8.9425744,,,,,,,,,vor Schwanen Apotheke,,defibrillator,144,node/6992994100,,no,,,,24/7,,,,,,
7041623546,node,47.1755143,8.9469618,,,,,,,,,vor Haupteingang,,defibrillator,144,node/7041623546,,no,,,,24/7,MuKidi Familienzentrum am Park,,,,,
7637818553,node,47.0552008,8.4837861,yes,,,,,2025-09-16,,+41 41 811 15 55,Bergbahnen Rigi Kulm,Warteraum Seite Bergkapelle,defibrillator,144,node/7637818553,,yes,,Rigi Kulm,,24/7,,,,,,
7637818872,node,47.0833925,8.4416823,,,,,,,,,,,defibrillator,144,node/7637818872,,,,"Ã„rztezentrum Kelmatt, Praxis",,,,,,,,
7637818873,node,47.083513,8.4361138,,,,,,,,,,in der Praxis,defibrillator,144,node/7637818873,,,,"Baumann Katja, Dotfpraxis",,,,,,,,
7637818874,node,47.0859929,8.4405852,,,,,,,,,,"Vor dem Zahnarzt Praxis im Gang, 1. Stock",defibrillator,144,node/7637818874,,,,"Gesundheitszentrum Rigi,Praxis",,,,,,,,
7637818875,node,47.0888387,8.4319324,,,,,,,,,,vor Sekretariat,defibrillator,144,node/7637818875,,,,Golfclub Küssnacht,,,,,,,,
7637818876,node,47.0825096,8.4387422,,,,,,,,,,,defibrillator,144,node/7637818876,,,,"Gössi Beatrice, Praxis",,,,,,,,
7637818877,node,47.080912,8.4393577,yes,,,,,,,,,Eingang,defibrillator,144,node/7637818877,,,,Kirchenzentrum Monsejour,,24/7,,,,,,
7637818878,node,47.1078863,8.4500594,yes,,,,,,,,"EG, im Speditionsbüro 0455LTM",Gelber Koffer Empfang EG,defibrillator,144,node/7637818878,,yes,0,Lifetec Hofstetter PCB AG,,Mo-Fr 00:00-00:00,Lifetec AG Schweiz,,+41800 122 144,,,
7637818879,node,47.1066528,8.4501942,,,,,,,,,,Büro Filialleiter,defibrillator,144,node/7637818879,,,,Lifetec Müller Handels AG,,,,,,,,
7637818880,node,47.0834866,8.44121,,,,,,,,,,Kundendienst,defibrillator,144,node/7637818880,,,,Migros,,,,,,,,
7653018012,node,47.1950231,8.8200103,yes,,,,,,,,Beim Badehäuschen,,defibrillator,144,node/7653018012,,no,,,,24/7,Gemeinde Altendorf,,,,,
7723731351,node,47.1324452,8.7498392,,,,,,,,,Im Altersheim Gerbe,,defibrillator,144,node/7723731351,,yes,,,,,,,,,,
7723731352,node,47.1217951,8.7421051,,,,,,,,,Im Altersheim Langrüti,,defibrillator,144,node/7723731352,,yes,,,,,,,,,,
7723731353,node,47.1300511,8.7398681,,,,,,,,,Bei Medico Plus AG,nur während Öffnungszeiten verfügbar,defibrillator,144,node/7723731353,,yes,,,,,,,,,,
7723731354,node,47.1261598,8.7520384,,,,,,,,,Bei Klosterpforte im Gebäude,nur während Öffnungszeiten verfügbar,defibrillator,144,node/7723731354,,yes,,,,,,,,,,
7723731355,node,47.1286502,8.7459719,,,,,,,,,Im Migros,nur während Öffnungszeiten verfügbar,defibrillator,144,node/7723731355,,yes,0,,,"Mo-Fr 08:00-20:00, Sa 08:00-18:00; PH off",,,,,,
7871604517,node,47.0499472,8.557148,customers,,,,,,,,"Beim Kiosk, linke Hausseite",,defibrillator,144,node/7871604517,,,,,,Apr-Oct: Mo-Su 09:00-18:00;Nov-Mar:Mo-Su 09:00-17:00,Tierpark Goldau,,,,,yes
7880596449,node,47.0355737,8.579372,yes,,,,,,,,Gemeindeverwaltung Lauerz,,defibrillator,144,node/7880596449,,no,,,,24/7,LFZ,,,,,
7925859050,node,47.1199912,8.7351887,,,,,,,,,"Nordseite, zum Tennisplatz",,defibrillator,144,node/7925859050,,no,,,,,,,,,,
7977180584,node,47.1871533,8.8455418,yes,,,,,2022-10-14,,,Beim Shop gleich an der Ecke aufgehängt,,defibrillator,144,node/7977180584,,no,,,,24/7,Gemeinde Altendorf,,,,,
7977202585,node,47.1907141,8.8321803,yes,,,,,,,,Beim Eingang Turnhalle,,defibrillator,144,node/7977202585,,no,,,,24/7,Gemeinde Altendorf,,,,,
7977202586,node,47.1939096,8.8228217,yes,,,,,,,,"Draussem, am Bahnhoffassade, richtung Bahnhofstrasse.",,defibrillator,144,node/7977202586,,no,,,,24/7,Gemeinde Altendorf,,,,,
7977202587,node,47.1934554,8.813016,yes,,,,,,,,Bei Trafostation,,defibrillator,144,node/7977202587,,no,,,,24/7,Gemeinde Altendorf,,,,,
7977202588,node,47.1921914,8.8322782,yes,,,,,,,,Beim Eingang des Seniorenzentrum,,defibrillator,144,node/7977202588,,no,,,,24/7,,,,,,
8294500539,node,47.0448655,8.7050026,yes,,,,,,,,Aussen am Gebäude für den Ticketverkauf,,defibrillator,144,node/8294500539,,no,,,,24/7,,,,,,
8361472284,node,47.0243962,8.5898752,yes,,,,,,,,Bergstrasse 8,an der Garage (Tor),defibrillator,144,node/8361472284,,,,,,24/7,,,,,,
8361472285,node,47.0309217,8.5913029,yes,,,,,,,,Distillerie Z´Graggen,"Rechts vom Shop-Eingang, links um die Ecke bei Tanksäule",defibrillator,144,node/8361472285,,no,,,,24/7,,,,,,
8421253581,node,47.1813374,8.8795059,yes,,,,,,,,vor Seiteneingang Hornbach,,defibrillator,144,node/8421253581,,no,0,,,24/7,,,,,,yes
8446642817,node,47.1762052,8.9072039,,,,,,,,,"RuossTech AG, Glarnerstrasse 75, 8853 Siebnen",Während Öffnungszeiten,defibrillator,144,node/8446642817,,yes,,,,07:00-17:00,RuossTech AG (Firma),,+41554503044,,,
8541281018,node,47.173962,8.8454023,yes,,,,,,,,EVA Haus,"Neben Parkplatz am Haus 
24 Std. zugänglich",defibrillator,144,node/8541281018,,no,,,,24/7,Gemeinde Altendorf,,,,,
8541316518,node,47.1818228,8.852769,yes,,,,,,,,EW Haus,24 zugänglich,defibrillator,144,node/8541316518,,no,,,,24/7,Gemeinde Altendorf,,,,,
8541501541,node,47.1747957,8.9257341,yes,,,,,,,,Vor Eingang Gemeindehaus,,defibrillator,144,node/8541501541,https://firstresponder-siebnen.ch/images/AED_Standorte/Schbelbach_Grnhaldenstr_3_Gemeindehaus.jpg,no,,,,24/7,Gemeinde Schübelbach,,,,,
8541552038,node,47.1541801,8.8629904,yes,,,,,,,,"Skihaus Ruchweid, in Garage unterhalb Gebäude",,defibrillator,144,node/8541552038,,yes,,,,24/7,Skiclub Galgenen,,,,,
8561215099,node,47.172491,8.9589999,,,,,,,,,Empfang,,defibrillator,144,node/8561215099,,yes,,,,"Mo-Fr 08:00-12:00, 13:30-17:00",Bosch Rexroth Schweiz AG,,+41554646977,,,
8562610126,node,47.0626613,8.5260773,yes,,,,,,,,"Alterszentrum Chriesigarte, im Windfang",,defibrillator,144,node/8562610126,,yes,,,,24/7,"Alterszentrum Chriesigarte Arth, Claudiu Somesan",,+41 41 854 87 47,,,
8577475481,node,47.1898173,8.8495273,yes,,,,,,,,Bei den Briefkästen - Eingangstüre die Mobiliar,,defibrillator,144,node/8577475481,,no,,,,24/7,"resQshock GmbH, 8863 Buttikon",,+41 55 460 22 44,,,
8592065341,node,47.1734103,8.970766,yes,,,,,,,,Haupteingang,,defibrillator,144,node/8592065341,,no,,,,24/7,"Glasmanufaktur Buttikon, 8864 Reichenburg",,+41 55 460 22 44,,,
8592071117,node,47.1684617,8.9750928,yes,,,,,,,,beim Haupteingang,,defibrillator,144,node/8592071117,,no,,,,24/7,Gemeinde Reichenburg,,+41 55 460 22 44,,,
8599976517,node,47.2016508,8.9465686,yes,,,,,,,,Schulhaus Enenda,,defibrillator,144,node/8599976517,,no,,,,24/7,Gemeinde,,,,,
8610194017,node,47.1864478,8.8273534,yes,,,,,,,,Pfarrweid 4 Altendorf,Links neben Hauseingang,defibrillator,144,node/8610194017,,no,,,,24/7,Gemeinde Altendorf,,,,,
8610901717,node,47.0489322,8.6066983,yes,,,,,,,,Feuerwehrlokal Steinen,,defibrillator,144,node/8610901717,,no,,,,24/7,Gemeinde Steinen,,,,,
8611714217,node,47.0539194,8.5856931,yes,,,,,,,,Feuerwehrlokal Steinerberg ,,defibrillator,144,node/8611714217,,no,,,,24/7,Gemeinde Steinerberg,,,,,
8617211933,node,47.0599049,8.5320587,yes,,,,,,,,RIWAG Türen AG,an der Fassade,defibrillator,144,node/8617211933,,no,,,,24/7,RIWAG Türen AG,,+41 41 859 00 31,,,
8621096417,node,47.0202488,8.6608602,yes,,,,,,,,Fussballplatz Tschaibrunnen,"Beim Eingang von Kabinen
",defibrillator,144,node/8621096417,,no,,,,24/7,,,,,,
8621135266,node,47.1259151,8.7465756,yes,,,,,,,,Im Gang gleich im Schrank der Kabine 1. Es gibt eine Beschriftung auf der Schranktür.,,defibrillator,144,node/8621135266,,yes,,,,Mo-Fr 07:00-20:00; Sa 08:00-16:00; Su 09:00-14:00,Jeroen de Leur,,+41 55 418 30 40,,,
8636115317,node,47.001212,8.6202023,yes,,,,,,,,EWS Unterstation Hetschgen,,defibrillator,144,node/8636115317,,no,,,,24/7,,,,,,
8689833017,node,47.1929292,8.8945859,yes,,,,,,,,"Telefonkabine, Schulhaus 3",,defibrillator,144,node/8689833017,,no,,,,24/7,,,,,,
8713427318,node,47.0176442,8.6496561,yes,,,,,,,,"Victorinox, Seilerstrasse 1",Beim Hauseingang,defibrillator,144,node/8713427318,,no,,,,24/7,,,,,,
8720846886,node,47.068569,8.5261698,yes,,,,,,,,Beim Eingang Seebad Arth,,defibrillator,144,node/8720846886,,no,,,,24/7,Gemeindeverwaltung Arth,,+41 41 859 02 02,,,
8750041512,node,47.0297241,8.6888081,yes,,,,,,,,Im Gebäude,während Öffnungszeiten verfügbar,defibrillator,144,node/8750041512,,yes,,,,,,,,,,
8836783017,node,47.0789756,8.6342062,yes,,,,,,,,Feuerwehrdepot Sattel,,defibrillator,144,node/8836783017,,no,,,,24/7,,,,,,
8837931517,node,47.1912273,8.8898829,yes,,,,,,,,"Seniorenzentrum Brunnenhof, Hengstackerstrasse 2",Mauer Parkplatz bei Treppenaufgang,defibrillator,144,node/8837931517,,no,,,,24/7,,,,,,
8840856417,node,47.0460443,8.5539486,yes,,,,,,,,Zugang BBZG,,defibrillator,144,node/8840856417,,no,,,,24/7,BBZG,,+41418552777,,,
8841003820,node,47.0527512,8.5413266,yes,,,,,,,,Feuerwehrlokal Oberarth,links von Tor 1,defibrillator,144,node/8841003820,,no,,,,24/7,Gemeinde Arth,,+41418590235,,,
8846084117,node,47.0187606,8.6280503,yes,,,,,,,,UFZ,Am Brückenpfeiler Einfahrt UFZ,defibrillator,144,node/8846084117,,no,,,,24/7,Kanton SZ,,,,,
8888381817,node,47.203358,8.8888047,yes,,,,,,,,"Seestrasse 75, Kindergarten",,defibrillator,144,node/8888381817,,no,,,,24/7,,,,,,
8920604017,node,47.0155347,8.6332242,yes,,,,,,,,Sportanlage Wintersried,Kassenhäuschen,defibrillator,144,node/8920604017,,no,,,,24/7,,,,,,
8997566861,node,47.1050818,8.4752388,yes,,,,,,,,"An der Seite von der Verteilstation TST1077 Immensee-Baumgarten, grüner Kasten mit SUSV-Kleber.",,defibrillator,144,node/8997566861,,no,,,,24/7,SUSV (Schweizer Unterwasser-Sport-Verband)/ Sandra Büchi,,+41 31 301 43 43,,,
9094232019,node,47.1759875,8.9069678,yes,,,,,,,,Haupteingang RuossTech AG,öffentlich zugänglich,defibrillator,144,node/9094232019,,no,,,,24/7,Gemeinde Schübelbach,,,,,
9113383211,node,47.0530885,8.5570342,yes,,,,,,,,Restaurant Grüne Gans links vor dem Haupteingang,,defibrillator,144,node/9113383211,,no,,,,Mo-Su 09:00-17:00,Natur und Tierpark Goldau,,+41 41 859 06 06,,,
9117239117,node,47.1895931,8.8383913,,,,,,,,,Eingang Links,,defibrillator,144,node/9117239117,,yes,,,,Mo-Fr 07:15-18:15,A. Bruhin AG,,,,,
9152057430,node,47.0531229,8.5402903,yes,,,,,,,,Turnhalle Allmig,Eingang Halle 1-3 Nordseite,defibrillator,144,node/9152057430,,no,,,,24/7,Gemeindeverwaltung Arth,,+41 41 859 02 02,,,
9159456417,node,47.1970744,8.8541984,yes,,,,,,,,Parkplatz Ticketautomat,,defibrillator,144,node/9159456417,,no,,,,24/7,Gemeinde,,,,,
9215585439,node,47.0180564,8.6506001,yes,,,,,,,,Der Defi befindet sich im Parterre des Gebäudes im Technikraum,,defibrillator,144,node/9215585439,,yes,,,,"Mo-Fr 07:30-12:00, 13:15-17:00",die Mobiliar,,+41 41 819 79 23,,,
9224025492,node,47.1949971,8.8564815,yes,,,,,,,,,,defibrillator,144,node/9224025492,,no,0,,,24/7,,,,,,
9277140586,node,47.1701042,8.9847243,yes,,,,,,,,"Feuerwehrgebäude, direkt rechts neben dem Eingang",,defibrillator,144,node/9277140586,,no,,,,24/7,First Responder Reichenburg,,+41 78 800 20 20,,,
9277140587,node,47.1671948,8.9840135,yes,,,,,,,,Im Velounterstand der Liegenschaft Obere Allmeind 2a,,defibrillator,144,node/9277140587,,no,,,,24/7,Gemeinde Reichenburg,,+41 55 464 30 60,,,
9327286058,node,47.1101041,8.4467724,,,,,,,,,3. OG Küche / Aufenthaltsraum,,defibrillator,144,node/9327286058,,yes,,Daniel Wyss,,24/7,PFISTERER Switzerland AG,,+41 41 499 72 72,,,
9394069017,node,47.1234385,8.7408096,permissive,,,,,,,,Steinel Solutions AG,Zugang ist zu diesen Zeiten möglich und der Defi darf von jedem genutzt werden.,defibrillator,144,node/9394069017,,yes,0,,,Mo-Fr 07:00-17:00,Steinel Solutions AG,,+41 55 418 21 11,,,
9430560717,node,47.1743842,8.894279,yes,,,,,,,,"Bühlstrasse 15, Gemeindeverwaltung",,defibrillator,144,node/9430560717,,no,,,,24/7,,,,,,
9485343558,node,47.0509898,8.5451156,yes,,,,,,,,Vogelsangstrasse 10,Aussenwand Eingang,defibrillator,144,node/9485343558,,no,,,,24/7,"Gemeinnützige Baugenossenschaft des Verkehrspersonals Goldau, Gemeinde Arth",,+41 41 855 08 90,,,
9530483217,node,47.1983965,8.7708269,yes,,,,,,,,Bushaltestelle Zeughaus,Fahrtrichtung Schindellegi,defibrillator,144,node/9530483217,,no,,,,24/7,Gemeinde Freienbach,,+41 55 416 95 76,,,
9534300989,node,47.0848733,8.444118,permissive,,,,,,,,Feuerwehrlokal,,defibrillator,144,node/9534300989,,yes,,,,,,,,,,
9534345192,node,47.1112824,8.4520941,,,,,,,,,In der Umkleidekabine/ WC im EG,,defibrillator,144,node/9534345192,,yes,0,,,"Mo-Th 07:00-11:45, 13:00-17:15; Fr 07:00-11:45, 13:00-16:00",Lifetec AG Schweiz,,+41800 122 144,,,
9534345206,node,47.0827444,8.4382591,,,,,,,,,Praxis Dr. Renggli,,defibrillator,144,node/9534345206,,,,,,,,,,,,
9579223617,node,46.9998193,8.6074096,yes,,,,,,,,"Feuerwehrlokal, Rosengartenstrasse 14",Beim Eingang,defibrillator,144,node/9579223617,,no,,,,24/7,,,,,,
9591622748,node,47.0500409,8.5632031,yes,,,,,,,,Wand an ZKRI Umladestation,,defibrillator,144,node/9591622748,,no,,,,24/7,ZKRI Aldo Marfurt,,+41 41 855 40 76,,,
9600080617,node,47.0177742,8.6459831,yes,,,,,,,,Rubiswil Turnhalle,,defibrillator,144,node/9600080617,,no,,,,24/7,,,,,,
9631134217,node,46.9822845,8.6659472,,,,,,,,,Seminar & Wellness Hotel,"bei Reception, immer zugänglich",defibrillator,144,node/9631134217,,yes,,,,24/7,,,,,,
9655534417,node,47.0169384,8.647878,yes,,,,,,,,Ausgleichskasse Schwyz,rechts vom Haupteingang,defibrillator,144,node/9655534417,,no,,,,24/7,Ausgleichskasse Schwyz,,+41418190425,,,
9711532242,node,47.0619956,8.5207018,yes,,,,,,,,"Asylunterkunft Arth, an Hauswand Richtung Hauptstrasse",,defibrillator,144,node/9711532242,,no,,,,24/7,Gemeindeverwaltung Arth,,+41 41 859 02 02,,,
9716238617,node,47.0020384,8.6112227,yes,,,,,,,,"Reismühle Nutrex, neben Eingang",,defibrillator,144,node/9716238617,,no,,,,24/7,Reismühle Nutrex,,,,,
9716243917,node,46.9981834,8.5979722,yes,,,,,,,,"Fussballplatz, beim Kassahaus",,defibrillator,144,node/9716243917,,no,,,,24/7,,,,,,
9716245517,node,46.9925779,8.6091882,yes,,,,,,,,"Grand Palais, beim Eingang",,defibrillator,144,node/9716245517,,no,,,,24/7,,,,,,
9731780817,node,47.0928619,8.4539574,,,,,,,,,"Bethlehemweg 12, 6405 Immensee",,defibrillator,144,node/9731780817,,yes,,,,Mo-Su 06:45-20:15,Gymnasium Immensee,,+41418548181,,,
9742573487,node,47.0571972,8.8015805,yes,,,,,,,,Direkt links neben dem Bancomat der Schwyzer Kantonalbank,,defibrillator,144,node/9742573487,,no,,,,24/7,Schwyzer Kantonalbank,,+41 58 800 20 20,,,
9752218819,node,47.1816388,8.8724632,yes,,,,,,,,Eingang Mehrzweckhalle,,defibrillator,144,node/9752218819,,no,,,,24/7,,,,,,
9761344225,node,47.1924945,8.8156815,,,,,,,,,PVA AG Eingang Süd,,defibrillator,144,node/9761344225,,yes,,,,Mo-Fr 07:00-21:00,Firma,,+41787126834,,,
9806613617,node,47.110699,8.4473323,yes,,,,,,,,Eingangsbereich Schwabe Pharma,,defibrillator,144,node/9806613617,,no,,,,24/7,Schwabe-Gruppe Schweiz,,+41418541842,,,
9838921817,node,47.1902791,8.8961666,yes,,,,,,,,"Schwyzer Kantonalbank, Eingang",Immer zugänglich,defibrillator,144,node/9838921817,,no,,,,24/7,Schwyzer Kantonalbank,,+41 58 8006985,,,
9839233917,node,47.0840303,8.577098,yes,,,,,,,,Berggasthaus Wildspitz,im Schlupf aufgehängt,defibrillator,144,node/9839233917,,yes,,,,24/7,Stiftung Wildspitz,,+41 41 832 11 39,,,
9855954517,node,47.1915564,8.8323382,no,,,,,,,,Schulhaus Burggasse,"Eingang rechts vor Treppe, während Schulbetrieb",defibrillator,144,node/9855954517,,yes,,,,,Gemeinde Altendorf,,,,,
9857342918,node,47.0436278,8.6030693,yes,,,,,,,,Haupteingang Büro Schmidlin AG,öffentlich zugänglich,defibrillator,144,node/9857342918,,no,,,,24/7,Holzbau Schmidlin AG,,,,,
9865771117,node,47.1616004,8.8293533,yes,,,,,,,,Diebishütte ,Gaden,defibrillator,144,node/9865771117,,no,,,,24/7,Gemeinde Altendorf,,,,,
9917843251,node,47.0309022,8.6278741,yes,,,,,,,,Verkaufsfläche LIDL,während Öffnungszeiten verfügbar,defibrillator,144,node/9917843251,,yes,,,,,LIDL Schweiz,,+41716278074,,,
9917843252,node,47.0011142,8.6114057,yes,,,,,,,,Verkaufsfläche LIDL,während Öffnungszeiten verfügbar,defibrillator,144,node/9917843252,,yes,,,,,LIDL Schweiz,,+41716278074,,,
9917845066,node,47.1063704,8.4503417,yes,,,,,,,,Verkaufsfläche LIDL,während Öffnungszeiten verfügbar,defibrillator,144,node/9917845066,,yes,,,,,LIDL Schweiz,,+41716278074,,,
9917845071,node,47.193901,8.8184273,yes,,,,,,,,Verkaufsfläche LIDL,während Öffnungszeiten verfügbar,defibrillator,144,node/9917845071,,yes,,,,,LIDL Schweiz,,+41716278074,,,
9917845081,node,47.1383734,8.7449442,yes,,,,,,,,Verkaufsfläche LIDL,während Öffnungszeiten verfügbar,defibrillator,144,node/9917845081,,yes,,,,,LIDL Schweiz,,+41716278074,,,
9959969218,node,47.2031154,8.7950393,yes,,,,,,,,Tankstelle Hagedorn,immer zugänglich,defibrillator,144,node/9959969218,,no,,,,,,,,,,
9989942217,node,47.1710388,8.9792801,yes,,,,,,,,"Bahnhofstrasse 28, 8864 Reichenburg, links an der Garagenwand",,defibrillator,144,node/9989942217,,no,,,,24/7,,,,,,
10057793817,node,47.0162107,8.6670652,yes,,,,,,,,Schulhaus Mythen,Eingang Nord Ost,defibrillator,144,node/10057793817,,no,,,,24/7,Kanton Schwyz,,,,,
10057797017,node,47.0154185,8.6659392,no,,,,,,,,Altes Seminar Rickenbach,,defibrillator,144,node/10057797017,,yes,,,,,Amt für Migration,,,,,
10086466017,node,47.0009392,8.5804845,yes,,,,,,,,Neben Restaurant Beaufort,Öffentlich zugänglich ,defibrillator,144,node/10086466017,,no,,,,24/7,Verein Fallenbach ,,+41796488184,,,
10111020795,node,47.0493409,8.6148282,yes,,,,,,,,Zwischen Haus 2 und 6 beim Containerhhäuschen Richtung Strasse / Parkplätze,,defibrillator,144,node/10111020795,,no,,,,24/7,,,,,,
10126361617,node,47.1297562,8.7490456,,,,,,,,,Phönix Wohnheim Flora - Eingang Gutenbergstrasse,von 07:00 Uhr bis 22:00 Uhr verfügbar,defibrillator,144,node/10126361617,,yes,,,,24/7,Stiftung Phönix Schwyz,,+41554184477,,,
10182254517,node,47.0274631,8.6298897,no,,,,,,,,Eingang Bättigmatt 13,Von 7:00 Uhr bis 22:00 Uhr verfügbar,defibrillator,144,node/10182254517,,yes,0,,,,Stiftung Phönix Schwyz,,+41418177110,,,
10197925617,node,47.1870549,8.7473646,yes,,,,,,,,Gemeindehaus Feusisberg beim Eingang,Im Kasten beim Eingang Gemeindehaus,defibrillator,144,node/10197925617,,no,0,,,24/7,Gemeinde Feusisberg,,+41 44 787 31 31,,,
10238841710,node,47.1991708,8.945452,yes,,,,,,,,Das AED Gerät steht aussen beim Garagentor für jedermann erreichbar,,defibrillator,144,node/10238841710,,no,0,,,24/7,Gabriela und Roland Janser,,+41 79 625 56 09,,,
10300627809,node,47.1749789,8.9516741,,,,,,,,,"Stiftung Phönix Schwyz, Haupteingang innen",verfügbar von 07.00 - 22.00 Uhr,defibrillator,144,node/10300627809,,yes,0,,,07:00-22:00,Stiftung Phönix Schwyz,,+41 55 464 32 32,,"local_knowledge, defikarte.ch",
10570937009,node,47.0433711,8.5542091,yes,,,,,,,,gegenüber Schlafcenter Bawitex,,defibrillator,144,node/10570937009,,no,0,,,24/7,Rettungsdienst Schwyz AG,,,,,
10572475409,node,47.1900782,8.7202733,yes,,,,,,,,Einfahrt Garage Bächlipark,,defibrillator,144,node/10572475409,,no,,,,24/7,Gemeinde Wollerau,,+41 55 416 94 76,,,
10641472387,node,47.2024561,8.7797941,,,,,,,,,Aufenthaltsraum / Küche,,defibrillator,144,node/10641472387,,yes,0,,,"Mo-Fr 08:00-12:00, 13:30-17:00",Lifetec AG Schweiz,,+41 800 122 144,,,
10641472388,node,47.1962148,8.7638678,yes,,,,,,,,Empfangsbereich,,defibrillator,144,node/10641472388,,yes,1,,,Mo-Fr 08:00-16:00,Lifetec AG Schweiz,,+41 800 122 144,,,
10641472389,node,47.1892135,8.735533,,,,,,,,,Im Büro,,defibrillator,144,node/10641472389,,yes,1,,,Mo-Fr 08:00-17:00,Lifetec AG Schweiz,,+41 800 122 144,,,
10641472390,node,47.1683528,8.7254834,yes,,,,,,,,4.OG Garderobe,,defibrillator,144,node/10641472390,,yes,1,,,"Mo-Th 08:00-12:00, 13:00-18:00; Fr 07:30-12:00, 13:30-17:00",Lifetec AG Schweiz,,+41 800 122 144,,,
10641472391,node,47.2007661,8.7957425,yes,,,,,,,,"EG, Empfang bei der Frauentoilette",,defibrillator,144,node/10641472391,,yes,0,,,Mo-Fr 08:00-17:00,Lifetec AG Schweiz,,+41 800 122 144,,,
10641472392,node,47.2058751,8.7613439,yes,,,,,,,,"1.OG, beim Lift",,defibrillator,144,node/10641472392,,yes,1,,,"Mo-Th 07:30-12:00, 13:30-17:30; Fr 07:30-12:00, 13:30-16:00",Lifetec AG Schweiz,,+41 800 122 144,,,
10641472393,node,47.0175735,8.6412285,,,,,,,,,Privatwohnung Otto Schumacher,während Öffnungszeiten verfügbar,defibrillator,144,node/10641472393,,yes,0,,,,Lifetec AG Schweiz,,+41 800 122 144,,,
10641472394,node,47.1898975,8.7087196,,,,,,,,,Büros 4. Stock,,defibrillator,144,node/10641472394,,yes,4,,,"Mo-Fr 07:00-12:00, 13:15-17:30",Lifetec AG Schweiz,,+41 800 122 144,,,
10641472395,node,47.1899822,8.7085882,yes,,,,,,,,Haupteingang an Wand,,defibrillator,144,node/10641472395,,yes,0,,,"Mo-Fr 07:00-12:00, 13:15-17:30",Lifetec AG Schweiz,,+41 800 122 144,,,
10641472396,node,46.9718386,8.7724268,yes,,,,,,,,In der Schreinerei (im unteren Teil),,defibrillator,144,node/10641472396,,yes,0,,,Mo-Fr 08:00-16:00,Lifetec AG Schweiz,,+41 800 122 144,,,
10641472397,node,47.1085524,8.4467885,,,,,,,,,Treppenhaus 1.OG,,defibrillator,144,node/10641472397,,yes,0,,,"Mo-Fr 07:15-12:00, 13:15-17:30",Lifetec AG Schweiz,,+41 800 122 144,,,
10641472398,node,47.1928338,8.8193822,,,,,,,,,"EG, zwischen Büro und Werkstatt",,defibrillator,144,node/10641472398,,yes,0,,,"Mo-Fr 07:15-12:00, 13:15-17:30; Sa 08:00-12:00",Lifetec AG Schweiz,,+41800 122 144,,,
10661172106,node,47.1325821,8.7601429,yes,,,,,,,,Lincolnweg 23,Bei der Rezeption,defibrillator,144,node/10661172106,,yes,0,,,07:00-22:00,Hotel Allegro,,+41 55 418 88 85,,"local_knowledge, defikarte.ch",
10704584105,node,47.1797994,8.7049582,yes,,,,,,,,"Wohnhaus, Sunnenstrahl 1",bei Trafostation,defibrillator,144,node/10704584105,,no,,,,24/7,Gemeinde Feusisberg,,+41554169476,,"local_knowledge, defikarte.ch",
10704591705,node,47.1819798,8.7178307,yes,,,,,,,,"Wohnhaus, Untere Paulistrasse 10",bei Autounterstand,defibrillator,144,node/10704591705,,no,,,,24/7,Gemeinde Feusisberg,,+41554169476,,"local_knowledge, defikarte.ch",
10704591707,node,47.1748098,8.7417499,yes,,,,,,,,"Fussballplatz Weni, Etzelstrasse 87",Clubhaus Südseite,defibrillator,144,node/10704591707,,no,,,,24/7,Gemeinde Feusisberg,,+41554169476,,"local_knowledge, defikarte.ch",
10704603305,node,47.184634,8.7427504,yes,,,,,,,,Wohnhaus Dorfstrasse 8,bei Garageneinfahrt,defibrillator,144,node/10704603305,,no,,,,24/7,Gemeinde Feusisberg,,+41554169476,,"local_knowledge, defikarte.ch",
10704616505,node,47.1990443,8.7863408,yes,,,,,,,,Turnhalle Schulhaus Steg,bei Velounterstand,defibrillator,144,node/10704616505,,no,,,,24/7,Gemeinde Freienbach,,+41 55 416 94 76,,"local_knowledge, defikarte.ch",
10704630906,node,47.20399,8.7641873,yes,,,,,,,,"Shell Tankstelle, Kantonsstrasse 149",Aussenwand Migrolino,defibrillator,144,node/10704630906,,no,,,,24/7,Gemeinde Freienbach,,+41554169476,,"local_knowledge, defikarte.ch",
10704640305,node,47.2043435,8.7330771,yes,,,,,,,,Schulhaus Bächmatt,neben Eingang,defibrillator,144,node/10704640305,,no,,,,24/7,Gemeinde Freienbach,,+41554169476,,"local_knowledge, defikarte.ch",
10704644306,node,47.1979069,8.7214571,yes,,,,,,,,Unterführung Bächergässli-Schwyzerstrasse,in Fussgängerunterführung,defibrillator,144,node/10704644306,,no,,,,24/7,Gemeinde Wollerau,,+41554169476,,"local_knowledge, defikarte.ch",
10737441705,node,47.1776627,8.709737,,,,,,,,,WGH Neuhofstrasse 14,Beim Haupteingang,defibrillator,144,node/10737441705,,no,0,,,24/7,Gemeinde Feusisberg,,+41554169476,,"local_knowledge, defikarte.ch",
10744951005,node,47.0308281,8.6221662,yes,,,,,,,,Seebad Seewen Zingel,,defibrillator,144,node/10744951005,,no,,,,24/7,,,,,,
10747918705,node,47.1900374,8.7397447,yes,,,,,2025-05-28,,,Firststrasse 19,Rechts vom Ladeneingang,defibrillator,144,node/10747918705,,no,,,,24/7,Gemeinde Feusisberg,,+41554169476,,"local_knowledge, defikarte.ch",
10748145505,node,47.1979215,8.763662,yes,,,,,,,,Ausserhalb des Gebäudes (Werkhof) angebracht,,defibrillator,144,node/10748145505,,no,0,,,24/7,"Butti Bauunternehmung AG, Eichenstrasse 8, 8808 Pfäffikon",,,,"local_knowledge, defikarte.ch",
10758344306,node,47.1684986,8.7256527,yes,,,,,,,,"Roleto, Chaltenbodenstrasse 4a, Schindellegi",links vom Roleto Eingang,defibrillator,144,node/10758344306,,no,-1,,,24/7,Gemeinde Feusisberg,,+41554169476,,"local_knowledge, defikarte.ch",
10758350705,node,47.1722038,8.7131533,yes,,,,,,,,"Feuerwehr Depot, Sägereistrasse 3, Schindellegi",Fahrzeughalle dorfseitig,defibrillator,144,node/10758350705,,no,,,,24/7,Gemeinde Feusisberg,,+41554169476,,"local_knowledge, defikarte.ch",
10786679605,node,47.1745997,8.7187121,yes,,,,,,,,"Wohnhaus, Stutzstrasse 11f",bei Garageneinfahrt,defibrillator,144,node/10786679605,,no,,,,24/7,Gemeinde Feusisberg,,+41554169476,,"local_knowledge, defikarte.ch",
10786681605,node,47.1821657,8.7063637,yes,,,,,,,,"Wohnhaus, Aeschstrasse 1",bei 1. Garage,defibrillator,144,node/10786681605,,no,,,,24/7,Gemeinde Feusisberg,,+41554169476,,"local_knowledge, defikarte.ch",
10799433805,node,47.1072687,8.7562733,yes,,,,,,,,Garage Aussenfassade,Auf Privatem Grundstück Immer Zugänglich an der Aussenfassade der linken Garage,defibrillator,144,node/10799433805,,no,0,,,24/7,Privatperson,,+41 55 412 73 62,,,
10800389105,node,47.0195942,8.6529186,yes,,,,,,,,Schmiedgasse 7,Beim Eingang,defibrillator,144,node/10800389105,,no,,,,24/7,Bote der Urschweiz,,+41 41 819 08 08,,,
10803733605,node,47.1886006,8.7608291,yes,,,,,,,,Landgasthof Ried,Beim Restaurant Eingang,defibrillator,144,node/10803733605,,no,,,,24/7,Gemeinde Feusisberg,,+41554169476,,"local_knowledge, defikarte.ch",
10803733606,node,47.1712411,8.6932063,yes,,,,,,,,Berggasthaus Rossberg,bei Autounterstand,defibrillator,144,node/10803733606,,no,,,,24/7,Gemeinde Feusisberg,,+41554169476,,"local_knowledge, defikarte.ch",
10806763607,node,47.177608,8.7679035,yes,,,,,,,,Berggasthaus Etzel Kulm,Beim Restaurant Eingang,defibrillator,144,node/10806763607,,no,,,,24/7,Gemeinde Feusisberg,,+41554169476,,"local_knowledge, defikarte.ch",
10824217305,node,47.2002069,8.7165195,yes,,,,,,,,Heiniweidstrasse 31a,Öffentlich zugänglich,defibrillator,144,node/10824217305,,no,,,,24/7,Privatperson,,+41793458734,,"local_knowledge, defikarte.ch",
10826078505,node,47.175668,8.8961567,yes,,,,,,,,rechts am Eingang Wintergarten,Während der Öffnungszeiten verfügbar,defibrillator,144,node/10826078505,,no,0,,,Mo-Fr 08:00-18:00,Kinderkrippe Zwirbelhus e. V.,,+41 55 440 27 26,,,
10826310205,node,47.0556059,8.542701,yes,,,,,2024-10-17,,,"Heulediweg 2, 6414 Oberarth",Eingang Veloraum,defibrillator,144,node/10826310205,,no,,,,24/7,Gemeindeverwaltung Arth,,+41 41 859 02 02,,"local_knowledge, defikarte.ch",
10910676198,node,47.1947106,8.879541,yes,,,,,,,,Im Café,Koffer schwarz,defibrillator,144,node/10910676198,,yes,,Remo Wüst Bäckerei-Konditorei AG,,Mo-Fr 06:30-13:00,Lifetec AG Schweiz,,+41 800 122 144,,,
10961430605,node,47.1256825,8.7552308,yes,,,,,,,,Marstall Kloster Einsiedeln,,defibrillator,144,node/10961430605,,yes,erdgeschoss,,,Mo-Su 10:00-20:00,Marstall Kloster Einsiedeln,,,,,
10978393922,node,47.1900296,8.8506621,,,,,,,,,Schulgebäude,,defibrillator,144,node/10978393922,,yes,0,,,Mo-Fr 08:00-17:00,AOZ - Asylorganisation Zürich,,+41 44 415 65 00,,"local_knowledge, defikarte.ch",
10978418805,node,47.0158621,8.666051,,,,,,,,,Im Sanitätsschrank,,defibrillator,144,node/10978418805,,yes,0,,,Mo-Fr 08:00-17:00,AOZ - Asylorganisation Zürich,,+41444156500,,"local_knowledge, defikarte.ch",
10984907605,node,47.1392044,8.7917165,no,,,,,,,,Seerettungsschiff,Verfügbar nur wenn das Schiff auf Patroullie ist,defibrillator,144,node/10984907605,,yes,,,,,Seerettungsdienst Sihlsee,,+41 55 418 41 20,,,
11038063112,node,46.9913076,8.52599,yes,,,,,,,,Poststrasse 2,,defibrillator,144,node/11038063112,,no,,,,24/7,schwyzer Kantonalbank,,+41588002020,,"local_knowledge, defikarte.ch",
11038063121,node,47.2015773,8.9438206,,,,,,,,,"Eingang Empfang Tulux AG, 8856 Tuggen",,defibrillator,144,node/11038063121,,yes,,,,Mo-Fr 07:00-17:00,"Tulux AG, 8856 Tuggen",,+41 55465 60 00,,"local_knowledge, defikarte.ch",
11038063712,node,46.9932763,8.5144472,,,,,,,,,Strandbad Cholplatz,Während der Badesaison von 9.30- 18.30 Uhr zugänglich,defibrillator,144,node/11038063712,,yes,,,,Mo-Su 9:30-18:30,Bezirk Gersau/ Strandbad Cholplatz,,+41 41 829 70 62,,"local_knowledge, defikarte.ch",
11038063725,node,47.2010051,8.7891269,,,,,,,,,Zurich HelpPoint Pfäffikon SZ,,defibrillator,144,node/11038063725,,yes,,,,"Mo-Fr 07:30-12:00,13:30-16:30",Zürich Versicherungs-Gesellschaft AG,,+41800808080,,,
11038063818,node,46.989189,8.5492301,,,,,,,,,Strandbad Kindli,Während der Badesaison von 9.30- 18.30 Uhr zugänglich,defibrillator,144,node/11038063818,,yes,,,,Mo-Su 09:30-18:30,Bezirk Gersau/ Strandbad Kindli,,+41418297062,,"local_knowledge, defikarte.ch",
11038063835,node,47.0221123,8.647238,yes,,,,,,,,"Treuhand- und Revisionsgesellschaft Mattig-Suter und Partner, beim Eingang",Der Defibrillator befindet sich rechts der Briefkastenanlage,defibrillator,144,node/11038063835,,no,,,,24/7,Treuhand- und Revisionsgesellschaft Mattig-Suter und Partner,,+41 41 819 54 00,,"local_knowledge, defikarte.ch",
11038066305,node,47.0252426,8.5248542,yes,,,,,,,,Bergstation Rigi- Burggeist Seilbahn,,defibrillator,144,node/11038066305,,no,,,Tel. 041 811 15 55,24/7,Burggeist AG/ Berggasthaus Rigi Burggeist,,,,"local_knowledge, defikarte.ch",
11042277105,node,47.1750097,8.7127818,yes,,,,,,,,"Poststelle, Pfäffikonerstrasse 3, 8834 Schindellegi",bei Postbriefkasten,defibrillator,144,node/11042277105,,no,,,,24/7,Gemeinde Feusisberg,,+41554169476,,"local_knowledge, defikarte.ch",
11067392805,node,47.0580374,8.7996056,yes,,,,,,,,WC-Häuschen bei Begegnungszone,,defibrillator,144,node/11067392805,,no,0,,,24/7,Gemeinde,,,,,
11070879605,node,46.9922371,8.5232931,yes,,,,,,,,Seestrasse 39,24 Std. zugänglich,defibrillator,144,node/11070879605,,no,,,,24/7,Samariterverein Gersau,,+41 79 783 16 83,,"local_knowledge, defikarte.ch",
11070952705,node,46.9922408,8.5280889,yes,,,,,,,,Schulhaus Sunnäfang ,24 Std. zugänglich,defibrillator,144,node/11070952705,,no,,,,24/7,Bezirksschule Gersau/ Bezirk Gersau,,+41418298011,,"local_knowledge, defikarte.ch",
11091596560,node,47.2214804,8.7930253,yes,,,,,,,,,,defibrillator,144,node/11091596560,,no,0,,,24/7,defibrillator.ch,,,,,
11133566905,node,47.1278068,8.7432071,yes,,,,,,,,"BSZ Einsiedeln, Hausecke Fabrikstrasse, gleich beim Kreisel",,defibrillator,144,node/11133566905,,no,,,,24/7,BSZ,,+41 79 793 71 64,,"local_knowledge, defikarte.ch",
11151753405,node,46.9810154,8.6182259,yes,,,,,,,,"Swiss Holiday Park - Hotel Hauptgebäude;Untergeschoss, Zugang Bowlingbahn",,defibrillator,144,node/11151753405,,yes,-1,,,24/7,Swiss Holiday Park,,,,,
11174458238,node,47.1964599,8.942517,yes,,,,,,,,"Zufahrt Sportplatz Linthstrasse, Linthstrasse 51, 8856 Tuggen",,defibrillator,144,node/11174458238,,no,,,,24/7,Gemeinde Tuggen,,+41 55 465 65 15,,"local_knowledge, defikarte.ch",
11204764537,node,47.018743,8.6572769,yes,,,,,,,,Alterszentrum Acherhof,"Beim Velounterstand, Treppenabgang zur Tiefgarage",defibrillator,144,node/11204764537,,no,,,,24/7,,,,,,
11207822537,node,47.020931,8.6550862,yes,,,,,,,,Mythen Forum,Eingang der Säle / Aussenterrasse Restaurant > an Hauswand,defibrillator,144,node/11207822537,,no,0,,,24/7,,,+41 41 819 67 38,,"local_knowledge, defikarte.ch",
11235302238,node,47.1316369,8.696183,yes,,,,,,,,SOB Altmatt,im Wartesaal,defibrillator,144,node/11235302238,,yes,0,,,24/7,Schweizerische Südostbahn AG,,+41 58 580 70 70,,"local_knowledge, defikarte.ch",
11256996738,node,47.2033884,8.7955264,yes,,,,,,,,"Verwaltungsgebäude, Korporation Pfäffikon, Hurdnerwäldlistrasse 27a, 8808 Pfäffikon",beim Treppenaufgang,defibrillator,144,node/11256996738,,no,-1,,,24/7,Korporation Pfäffikon,,+41 55 417 50 20,,"local_knowledge, defikarte.ch",
11257003139,node,47.2029497,8.8017404,yes,,,,,,,,"Clubhaus, Korporation Pfäffikon, Hurdnerwäldlistrasse 125, 8808 Pfäffikon",beim Eingang,defibrillator,144,node/11257003139,,no,-1,,,24/7,Korporation Pfäffikon,,+41554175020,,"local_knowledge, defikarte.ch",
11266925470,node,47.2053506,8.7929927,yes,,,,,,,,Hurdnerwäldlistrasse 13,unter Krandach,defibrillator,144,node/11266925470,,no,,,,24/7,Yachtwerft Faul AG,,+41 55 410 23 50,,"local_knowledge, defikarte.ch",
11286043870,node,47.0037802,8.6231786,yes,,,,,,,,"BSZ Stiftung, Höchenenweg 3, 6440 Brunnen",,defibrillator,144,node/11286043870,,no,,,,24/7,BSZ Stiftung,,+ 41 41 817 40 40,,"local_knowledge, defikarte.ch",
11286130893,node,46.9972823,8.6165322,,,,,,,,,Theresianum Eingang Turnhalle,,defibrillator,144,node/11286130893,,,,,,24/7,Theresianum Ingenbohl,,+41 41 825 26 00,,,
11290954522,node,47.1246276,8.6960062,,,,,,,,,Schiessplatz Cholmattli,,defibrillator,144,node/11290954522,,no,,,,24/7,Logistikbasis der Armee,,+41 58 481 57 75,,,
11332516969,node,47.0815531,8.6339097,yes,,,,,,,,Bahnhof Sattel,,defibrillator,144,node/11332516969,,no,,,,24/7,Schweizerische Südostbahn AG,,+41 58 580 70 70,,"local_knowledge, defikarte.ch",
11350444269,node,47.0848625,8.4353167,no,,,,,,,,"Bahnhofstrasse 67, rosa Verwaltungsgebäude der Lactalis Suisse SA","befindet sich beim Eingang, wenn man gerade ausschaut",defibrillator,144,node/11350444269,,yes,0,,,,"Firma, Lactalis Suisse SA",,+41 41 854 04 00,,"local_knowledge, defikarte.ch",
11353608470,node,46.9981461,8.6443672,yes,,,,,,,,altes Schulhaus/Feuerwehrlokal,"ausserhalb des Hauses, links vom Garagentor",defibrillator,144,node/11353608470,,no,,,,24/7,,,,,,
11379879369,node,47.2056738,8.7444198,,,,,,,,,"Kantonsstrasse 1, 8807 Freienbach",während Büro-Öffnungszeiten verfügbar,defibrillator,144,node/11379879369,,yes,2,,,Mo-Fr 08:00-17:00,Signer Titanium AG,,+41447161260,,"local_knowledge, defikarte.ch",
11434548669,node,47.0522979,8.5853087,yes,,,,,,,,Bahnhof Steinerberg,,defibrillator,144,node/11434548669,,no,,,,24/7,Schweizerische Südostbahn AG ,,+41585807335,,"local_knowledge, defikarte.ch",
11506569870,node,47.1760245,8.897368,yes,,,,,,,,"katholische Kirche Siebnen, Fahrradunterstand",,defibrillator,144,node/11506569870,,no,,,,24/7,Sekretariat,,+41554401356,,,
11527775470,node,46.9961856,8.5990861,no,,,,,,,,Eingang Alterswohnungen,,defibrillator,144,node/11527775470,,yes,0,,,,Altersheim Brunnen,,,,,
11534960669,node,47.0480924,8.5531716,,,,,,,,,Baudienstzentrum SBB,,defibrillator,144,node/11534960669,,yes,0,,,Mo-Fr 07:00-16:30,SBB,,,,,
11563839269,node,47.1262426,8.7498486,yes,,,,,,,,Arztpraxis We4You Care AG Klosterplatz,In der Arztpraxis zu den angegebenen Öffnungszeiten erreichbar,defibrillator,144,node/11563839269,,yes,0,,,MO-SU 07:00-19:00,We4You Care AG,,+41 58 670 11 00,,"local_knowledge, defikarte.ch",
11583826329,node,47.0516281,8.5535303,yes,,,,,,,,Eingang Tierpark,,defibrillator,144,node/11583826329,,no,,,,24/7,Gemeindeverwaltung Arth,,+41 41 859 02 02,,,
11640561969,node,47.1265711,8.7496769,yes,,,,,,,,Vorraum Rathaus Einsiedeln,,defibrillator,144,node/11640561969,,no,0,,,24/7,Bezirk,,+41 55 418 41 20,,"local_knowledge, defikarte.ch",
11669984569,node,47.1429035,8.7506547,,,,,,,,,,,defibrillator,144,node/11669984569,,yes,,,,Mo-Fr 09:00-18:30; Sa 08:00-16:00,Otto's,,,,,
11680855369,node,47.0013272,8.6147471,yes,,,,,,,,Garage Strüby Automobile Ag,Tankstelle,defibrillator,144,node/11680855369,,no,,,,24/7,Garage,,,,,
11723311466,node,47.1848141,8.8497464,private,,,,,,,,"EG, neben Werkstatt Büro in blauer Schrank 0849LTM",Oranger Koffer,defibrillator,144,node/11723311466,,yes,0,Emil Frey Altendorf,,"Mo-Fr 08:00-11:30, 13:00-16:00",Lifetec AG Schweiz,,+41 800 122 144,,,
11741276271,node,47.1918423,8.85414,private,,,,,,,,CSS Versicherung AG Seidenstrasse 4 8853 Lachen Hinter Theke Empfang / Durchgang zu Büros 1291 LTM,Schwarzer Koffer,defibrillator,144,node/11741276271,,yes,0,,,"Mo,Tu,Th 08:30-12:00, 13:30-17:00, We 08:30-12:00, Fr 13:30-16:00",Lifetec AG Schweiz,,+41 800 122 144,,,
11741436947,node,47.0336705,8.6298896,private,,,,,,,,Liberty Vorsorge AG Steinbislin 19 Sanitätszimmer 1303LTM,Gelber Koffer,defibrillator,144,node/11741436947,,yes,,,,"Mo-Fr 08:00-12:00, 13:00-17:30",Lifetec AG Schweiz,,+41 800 122 144,,,
11742736469,node,47.1676481,8.9794381,yes,,,,,,,,Kantonsstrasse 60a,Eingangsbereich,defibrillator,144,node/11742736469,,no,0,,,,Gemeinde Reichenburg,,,,,
11747331969,node,47.1954239,8.7234572,,,,,,,,,"Physio Bonthuis, Korporationsweg 15, Eingang",7:30 - 20:00 Uhr (Mo-Fr),defibrillator,144,node/11747331969,,yes,0,,,24/7,Physiotherapie,,+41445216808,,,
11747334869,node,47.1926689,8.7241727,,,,,,,,,"Eingang, bei Notausgang",während den Öffnungszeiten,defibrillator,144,node/11747334869,,yes,0,,,7:30-20:00,Physiotherapie,,+41445216808,,,
11768399169,node,47.0287441,8.6542591,yes,,,,,,,,Mangelegg,"Nähe Bushaltestelle Mangelegg, gegenüber Haus Mangelegg 121",defibrillator,144,node/11768399169,,no,,,,24/7,Gemeinde Schwyz,,,,"local_knowledge, defikarte.ch",
11841699890,node,47.0440706,8.5427616,yes,,,,,,,,Bei Garagentor,,defibrillator,144,node/11841699890,,no,,,,24/7,Annen Holzbau AG,,+41 41 859 10 10,,"local_knowledge, defikarte.ch",
11846412369,node,47.0242369,8.6541152,yes,,,,,,,,"Kantonsschule Schwyz, Osteingang",während Öffnungszeiten verfügbar,defibrillator,144,node/11846412369,,yes,,,,,,,,,"local_knowledge, defikarte.ch",
11850012070,node,47.2040592,8.9435622,yes,,,,,,,,neben Eingang,,defibrillator,144,node/11850012070,,no,0,,,24/7,Genossame Tuggen,,+41 55 445 2148,,"local_knowledge, defikarte.ch",
11850293974,node,47.2042989,8.9491649,no,,,,,,,,Werkstatt,während denn Oeffnungszeiten,defibrillator,144,node/11850293974,,yes,1,,,,Ronner,,+41796780522,,,
11850411880,node,47.1676948,8.7275633,permissive,,,,,,,,SIHLPARK Fitnesscenter im Center,,defibrillator,144,node/11850411880,,no,2,,,"Mo-Sa  06:00-22:00, Su  08:00-20:30",SIHLPARK FITNESS & WELLNESS,,+41 44 787 51 00,,"local_knowledge, defikarte.ch",
11884962169,node,47.0893187,8.449173,yes,,,,,,,,"Artherstrasse, Clubhaus TCK","Immer zugänglich, neben dem Eingang",defibrillator,144,node/11884962169,,no,0,,,,TC Küssnacht,,+41 41 850 20 22,,"local_knowledge, defikarte.ch",
11896962911,node,47.0007995,8.6057976,yes,,,,,,,,Restaurant Pluspunkt,,defibrillator,144,node/11896962911,,no,,,,24/7,Gemeinde Ingenbohl Brunnen,,+41 41 825 05 62,,,
11904179329,node,47.0400243,8.5303097,yes,,,,,2025-07-20,,,RB und LS Station Kräbel,,defibrillator,144,node/11904179329,,no,,,,24/7,Rigi Bahnen AG,,+41 41 811 15 55,,,
11904220035,node,47.1759854,8.7103287,yes,,,,,,,,"Dorfstrasse 28, 8834 Schindellegi in der 24h-Zone",,defibrillator,144,node/11904220035,,yes,,,,24/7,SZKB,,+41 58 800 20 20,,,
11904229831,node,47.0013901,8.67915,yes,,,,,,,,Aufiberg,"Plätzli 6, 6432 Rickenbach",defibrillator,144,node/11904229831,,no,,,,24/7,Gemeinde Schwyz,,+41 41 819 07 25,,,
11904257212,node,47.1961546,8.8587661,yes,,,,,,,,"Alterswohnungen Biberzelten Biberzeltenstrasse 1, 8853 Lachen",,defibrillator,144,node/11904257212,,,,,,24/7,resQshock,,+41 55 460 22 44,,,
11904269295,node,47.1940638,8.8656044,yes,,,,,,,,"Clubhaus Peterswinkel Ost Fassade Peterswinkel, 8853 Lachen",,defibrillator,144,node/11904269295,,no,,,,24/7,resQshock,,+41 55 460 22 44,,,
11904291612,node,47.0467402,8.6069222,yes,,,,,,,,"BSZ Stiftung Frauholzstrasse 9a, 6422 Steinen",,defibrillator,144,node/11904291612,,no,,,,24/7,BSZ Stiftung,,+41 41 817 40 40,,,
11904307782,node,47.0157763,8.6599412,yes,,,,,,,,Spital Schwyz,"Eingang Parkhaus, Haus M",defibrillator,144,node/11904307782,,,,,,24/7,Spital Schwyz,,+41 41 818 41 11,,,
11904318280,node,47.0006591,8.5891661,yes,,,,,,,,Strandbad Hopfräben,,defibrillator,144,node/11904318280,,no,,,,24/7,Gemeinde Ingenbohl,,+41 41 825 05 62,,,
11904324607,node,47.0158018,8.6441068,yes,,,,,,,,"Heilpädagogisches Zentrum Gotthardstrassse 116, 6438 Ibach",,defibrillator,144,node/11904324607,,no,,,,24/7,Heilpädagogisches Zentrum,,+41 41 599 23 91,,,
11904333434,node,47.0493747,8.6154198,yes,,,,,,,,"KKvR Stiftung Husmatt Husmattrain 4, 6422 Steinen",,defibrillator,144,node/11904333434,,no,,,,24/7,,,+41 79 261 69 30,,,
11904337739,node,47.0322244,8.6430002,yes,,,,,,,,"Amt für Militär, Feuer und Zivilschutz Schlagstrasse 87, 6430 Schwyz",,defibrillator,144,node/11904337739,,no,,,,24/7,"Amt für Militär, Feuer und Zivilschutz",,+41 41 819 22 35,,,
11904346565,node,47.0900885,8.9306647,yes,,,,,,,,"Trafostation Seestrasse 2, 8858 Innerthal",,defibrillator,144,node/11904346565,,no,,,,24/7,Gemeinde Innerthal,,+41 55 446 11 49,,,
11904364251,node,47.0246428,8.6377793,yes,,,,,,,,"Swisscom Gebäude Bahnhofstrasse 96, 6423 Seewen",,defibrillator,144,node/11904364251,,no,,,,24/7,Gemeinde Schwyz,,+41 41 819 07 25,,,
11909196791,node,47.0098102,8.6462433,yes,,,,,,,,Fussballplatz Gerbihof,,defibrillator,144,node/11909196791,,no,,,,24/7,Gemeinde Schwyz,,+41 41 819 07 25,,,
11909235586,node,46.9877881,8.6215579,yes,,,,,,,,Golfplatz Axenstein,,defibrillator,144,node/11909235586,,no,,,,24/7,Golf Club Axenstein,,+41 41 825 41 00,,,
11909238870,node,47.0274054,8.6325139,yes,,,,,,,,BSZ Stiftung,,defibrillator,144,node/11909238870,,no,,,,24/7,BSZ Stiftung,,+41 41 817 40 40,,,
11909242783,node,47.2024736,8.794899,yes,,,,,,,,Hagedorn AG Tankstelle,,defibrillator,144,node/11909242783,,no,,,,24/7,Hagedorn AG,,+41 78 833 10 72,,,
11909277717,node,47.1772944,8.9261143,yes,,,,,,,,BSZ Stiftung,,defibrillator,144,node/11909277717,,no,,,,24/7,BSZ Stiftung,,+41 41 817 40 40,,,
11909340602,node,47.1932303,8.8200343,yes,,,,,,,,"Schwyzer Kantonalbank, 24h-Zone",,defibrillator,144,node/11909340602,,yes,,,,,Schwyzer Kantonalbank,,+41 58 800 20 20,,,
11909341993,node,47.0142336,8.6266577,,,,,,,,,AGRO Energiezentrale,,defibrillator,144,node/11909341993,,,,,,Mo-Fr 07:30-12:00/13:00-17:00,AGRO,,,,,
11957879170,node,47.1683455,8.9660829,yes,,,,,,,,"Untertafletenstrasse 23, an der Hausecke bei der Treppe",,defibrillator,144,node/11957879170,,no,,,,24/7,resQshock GmbH Kantonsstrasse 1 8863 Buttikon,,+41 55 460 22 44,,"local_knowledge, defikarte.ch",
12016598801,node,47.2022099,8.7803265,private,,5,,Poststrasse,,,,"EG, beim Empfang. 1435LM",Oranger Koffer,defibrillator,144,node/12016598801,,yes,,Stäubli International AG,,"Mo-Fr 08:30-12:00,13:30-17:00",Lifetec AG Schweiz,,+41 800 122 144,1435LTM,,
12029684969,node,46.9993616,8.6170627,yes,,,,,,,,"Kloster Ingenbohl, neben Eingang Krypta",,defibrillator,144,node/12029684969,,no,,,,24/7,Kloster Ingenbohl,,,,"local_knowledge, defikarte.ch",
12045183869,node,47.2000894,8.7868363,yes,,,,,,,,Schulhaus Schützenstrasse,Gegenüber Lehrpersonenzimmer,defibrillator,144,node/12045183869,,yes,,,,Mo-Sa 07:00-20:00,Kanton Schwyz,,+41 55 415 13 00,,"local_knowledge, defikarte.ch",
12045190769,node,47.1984916,8.778913,yes,,,,,,,,Schulhaus Römerrain (BBZP),Eingangsbereich (unter Infobildschirm),defibrillator,144,node/12045190769,,yes,,,,Mo-Fr 07:00-18:00,Kanton Schwyz,,+41 55 415 13 00,,"local_knowledge, defikarte.ch",
12062810369,node,46.9906608,8.6960447,yes,,,,,,,,"Hesigen 10, 6436 Ried-Muotathal (neben Metalltor)",Immer zugänglich,defibrillator,144,node/12062810369,,no,,,,24/7,"Firma Suter Holz, Ried-Muotathal",,+41 41 811 13 05,,"local_knowledge, defikarte.ch",
12075211769,node,47.0128592,8.5408562,yes,,,,,,,,Seilbahnstation Obergschwend- Rigi Burggeist,24 Std. zugänglich,defibrillator,144,node/12075211769,,no,,,,24/7,Bezirk Gersau / Seilbahnstation Obergschwend,,+41418297062,,"local_knowledge, defikarte.ch",
12101247770,node,47.0767277,8.4477015,yes,,,,,,,,Beim Eingang rechts,,defibrillator,144,node/12101247770,,no,,,,24/7,,,,,,
12105743459,node,46.9698299,8.637032,,,,,,,,,"Restaurant Fronalpstock, Stoos",,defibrillator,144,node/12105743459,,no,,,,24/7,Stoosbahnen AG,,+41 41 818 08 08,,,
12120372901,node,47.0105549,8.6374265,private,,,,,,,,Autocenter Benno Müller / nähe Zapfsäulen / im Raum Teile & Zubehör,während Öffnungszeiten verfügbar,defibrillator,144,node/12120372901,,yes,0,,,,Autocenter Benno Müller,,+41 41 818 60 30,,"local_knowledge, defikarte.ch",
12173566201,node,47.0938036,8.6689466,yes,,,,,,,,Velounterstand SOB Bahnhof Biberegg,,defibrillator,144,node/12173566201,,no,0,,,24/7,SOB,,,,,
12173825702,node,46.9993059,8.6086035,yes,,,,,,,,Luzernerstrasse 1,,defibrillator,144,node/12173825702,,yes,,,,Mo-Fr 9:00-19:00,Otto's AG,,,,"local_knowledge, defikarte.ch",
12179939901,node,47.1970381,8.9172198,permissive,,,,,,,,Hauptgebäude Kantine / Pausenraum Werkpersonal,Während Arbeitszeiten ist die Türe Offen,defibrillator,144,node/12179939901,,yes,0,,,Mo - Fr 06:00 - 17:30,Kibag AG,,+41 58 387 14 85,,,
12252740331,node,47.0231277,8.6523506,yes,,,,,,,,ebs Energie AG,Beim Hauseingang,defibrillator,144,node/12252740331,,no,,,,24/7,"ebs Energie AG, 041 811 15 55",,,,,
12430823601,node,47.1394024,8.7455839,private,,,,,,,,Haupteingang Balmer Bücherdienst AG,Im Moment nicht vor Ot,defibrillator,144,node/12430823601,,yes,0,,,24/7,Balmer Bücherdienst AG,,+41 55 418 89 89,,"local_knowledge, defikarte.ch",
12556324001,node,47.2013815,8.7830916,private,,,,,,,,Churerstrasse 78,nur während Bürozeiten geöffnet,defibrillator,144,node/12556324001,,no,,,,"Mo - Fr ""08.00-17.00""",Firma,,+41 43 477 66 64,,"local_knowledge, defikarte.ch",
12590314101,node,47.0061576,8.6466997,yes,,,,,,,,"Landsgemeindestrasse 48, Werkhof ebs, 6438 Ibach",neben Tanksäule,defibrillator,144,node/12590314101,,no,,,,24/7,ebs Energie AG,,+41 41 811 15 55,,"local_knowledge, defikarte.ch",
12642510602,node,47.2141369,8.8007741,yes,,,,,,,,"SOB Haltestelle, Wartehäuschen offen",,defibrillator,144,node/12642510602,,yes,,,,24/7,Schweizerische Südostbahn,,,,,
12643358702,node,47.174421,8.9021605,yes,,,,,,,,"Schulhaus Stockberg 1, rechts beim Haupteingang",,defibrillator,144,node/12643358702,,no,,,,24/7,Gemeinde Schübelbach,,+41554505622,,"local_knowledge, defikarte.ch",
12670382801,node,46.9726365,8.7636669,yes,,,,,,,,"Hauptstrasse 79, Muotathal (im Eingangsbereich)",,defibrillator,144,node/12670382801,,no,,,,24/7,ebs Energie AG,,+41 41 811 15 55,,"local_knowledge, defikarte.ch",
12693806802,node,47.0288145,8.698474,yes,,,,,,,,Schalterhalle Luftseilbahn Brunni-Holzegg,,defibrillator,144,node/12693806802,,no,,,,24/7,Gemeinde Schwyz,,+41 41 811 15 55,,"local_knowledge, defikarte.ch",
12696231701,node,47.0171023,8.6439125,yes,,,,,,,,"Alterszentrum Rubiswil, Gotthardstrasse 124 (links im Eingangsbereich)",,defibrillator,144,node/12696231701,,yes,,,,24/7,"Alterszentrum Rubiswil, Ibach",,+41 41 811 15 55,,"local_knowledge, defikarte.ch",
12752262101,node,47.1293851,8.7484485,permissive,,,,,,,,"Haus Phönix Einsiedeln, Haupteingang Kronenstrasse 19a",während den Öffnungszeiten,defibrillator,144,node/12752262101,,yes,,,,Mo - Su 06:00 - 22:00,Stiftung Phönix Schwyz,,+41 55 418 44 77,,"local_knowledge, defikarte.ch",
12813664201,node,47.0982809,8.4636676,,,,,,,,,Schulhaus Immensee,,defibrillator,144,node/12813664201,,no,,,,24/7,"Bezirk Küssnacht, Rettungsdienst",,+41 79 101 93 00,,"local_knowledge, defikarte.ch",
12813678401,node,47.0776297,8.4386533,,,,,,,,,"Schule Seematt, Seemattzopfweg",,defibrillator,144,node/12813678401,,no,,,,24/7,"Bezirk Küssancht, Rettungsdienst",,+41 79 101 93 00,,"local_knowledge, defikarte.ch",
12825800401,node,47.2051417,8.7596226,,,,,,,,,Gemeinschaftszentrum Freienbach,Öffentlich zugänglich,defibrillator,144,node/12825800401,,no,,,,24/7,Röm.Kath.Kirchgemeinde Freienbach,,+41554101418,,"local_knowledge, defikarte.ch",
12825801102,node,47.2002251,8.7781996,yes,,,,,,,,Mühlematte 3,Öffentlich zugänglich,defibrillator,144,node/12825801102,,no,,,,24/7,Röm.Kath.Kirchgemeinde Freienbach,,+41554101418,,"local_knowledge, defikarte.ch",
12830267901,node,47.1267463,8.7515384,yes,,,,,,,,Klosterkirchen Eingang,Während der Kirchöffnungszeiten,defibrillator,144,node/12830267901,,yes,,,,06:00-21:30,Kloster Einsiedeln,,+41 55 418 66 44,,"local_knowledge, defikarte.ch",
12856227602,node,47.0887378,8.4411729,yes,,,,,,,,An Verzweigung,Im Freien,defibrillator,144,node/12856227602,,no,,,,24/7,,,,,,
12889023201,node,46.9135988,8.8466026,,,,,,,,,"Muotathal, Sahli (Luftseilbahn Sahli-Glattalp)",,defibrillator,144,node/12889023201,,no,,,,24/7,ebs Energie AG,,+41 41 811 15 55,,"local_knowledge, defikarte.ch",
12889037002,node,46.9150946,8.8738037,permissive,,,,,,,,"Muotathal, Bergstation Glattalp (Luftseilbahn Sahli-Glattalp)",nur während Luftseilbahnbetrieb zugänglich,defibrillator,144,node/12889037002,,yes,,,,24/7,ebs Energie AG,,+41 41 811 15 55,,"local_knowledge, defikarte.ch",
13004573401,node,46.9932855,8.5146621,yes,,,,,,,,"Seestrasse 73, 6442 Gersau",,defibrillator,144,node/13004573401,,no,,,,24/7,Bezirk Gersau,,+41 41 811 15 55,,"local_knowledge, defikarte.ch",
13004575901,node,46.989264,8.5491932,yes,,,,,,,,"Strandbad Kindli, Seestrasse 2, 6442 Gersau",,defibrillator,144,node/13004575901,,no,,,,24/7,Bezirk Gersau,,+41 41 811 15 55,,"local_knowledge, defikarte.ch",
13006770506,node,47.0887562,8.4412122,yes,,,,,,,,Bürgenstockstrasse 8,"Aussen installiert, jederzeit zugänglich",defibrillator,144,node/13006770506,,no,0,,,24/7,"Strassengenossenschaft Dorfallmeind, 6403 Küssnacht am Rigi",,,,"local_knowledge, defikarte.ch",
13017367502,node,47.0656458,8.4085321,,,,,,,,,Schulhaus Merlischachen,Aussenwand auf Seite Luzernerstrasse,defibrillator,144,node/13017367502,,no,,,,24/7,"Rettungsdienst, Bezirk Küssnacht",,+41 79 101 93 00,,"local_knowledge, defikarte.ch",
13022844702,node,47.1964562,8.7142718,yes,,,,,,,,vor der MZH,immer verfügbar,defibrillator,144,node/13022844702,,no,1,,,24/7,Gemeinde wollerau,,+41 43 888 12 02,,"local_knowledge, defikarte.ch",
13105311501,node,47.1954462,8.8518959,,,,,,,,,Schulhaus am Park vor Lehrpersonen-/Vorbereitungszimmer,während Öffnungszeiten verfügbar,defibrillator,144,node/13105311501,,yes,,,,,Sek1March Lachen,,,,"local_knowledge, defikarte.ch",
13118793901,node,47.2005882,8.7889535,yes,,,,,,,,"Kantonsschule ASA, Schützenstrasse 1, 8808 Pfäffikon SZ",Eingang Erdgeschoss,defibrillator,144,node/13118793901,,no,0,,,24/7,Kantonsschule KSA,,+41 55 415 42 00,,"local_knowledge, defikarte.ch",
13151597601,node,47.2002204,8.7724087,private,,,,,,,,EFH Hofstr. 22,Privathaushalt,defibrillator,144,node/13151597601,,yes,0,,,,Privatperson,,+41794477393,,,
13267335201,node,47.0517025,8.683357,yes,,,,,,,,"Berggasthaus Haggenegg, Haggeneggstrasse 14, Schwyz",,defibrillator,144,node/13267335201,,no,,,,24/7,Gemeinde Schwyz,,+41 41 811 15 55,,,
13269622101,node,47.2024541,8.7317239,permissive,,,,,,,,Haupteingang,Klingeln bei Hausbewohner,defibrillator,144,node/13269622101,,yes,,,,24/7,Solimo AG,,+41446876750,,,
13318940601,node,47.0920269,8.4494441,yes,,,,,,,,"Artherstrasse 27, 6405 Immensee",Immer öffentlich zugänglich,defibrillator,144,node/13318940601,,no,0,,,24/7,Vanoli Immobilien Treuhand AG / C. Vanoli Generalunternehmung AG,,+41 41 854 60 80,,,
13328550201,node,47.1316239,8.7451547,permissive,,,,,,,,"Gewerbehalle 38A, Eingang EG",während Öffnungszeiten verfügbar,defibrillator,144,node/13328550201,,yes,0,,,Mo-Su 7:00-22:00,Kadema Immobilien AG,,+41792971284,,,
13343996901,node,47.2008716,8.782424,permissive,,,,,,,,MedAction Physiotherapie,,defibrillator,144,node/13343996901,,yes,0,,,Mo-Fr 07:00-20:00,,,+41 55 410 72 20,,,
13385894996,node,47.0862376,8.4436032,yes,,,,,,,,Links beim Eingang Aula,,defibrillator,,node/13385894996,,no,,,,,Bezirk Küssnacht,,,,,
13394764201,node,46.9769157,8.6559522,yes,,,,,,,,"Sesselbahn Mettlen-Fronalpstock, Stoos",,defibrillator,144,node/13394764201,,no,0,,,24/7,Stoosbahnen AG,,+41 41 818 08 08,,,
13394768002,node,46.9729572,8.6715239,,,,,,,,,"Talstation Sesselbahn Brunnerboden-Klingenstock, Stoos",,defibrillator,144,node/13394768002,,no,,,,24/7,Stoosbahnhen AG,,+41 41 818 08 08,,,
13394769401,node,46.957065,8.6760114,,,,,,,,,"Bergstation Sesselbahn Brunnerboden-Klingenstock, Stoos",,defibrillator,144,node/13394769401,,no,,,,24/7,Stoosbahnnen AG,,+41 41 818 08 08,,,
13450522201,node,47.0328143,8.62941,,,,,,,,,Steinbislin 2,während Öffnungszeiten Verfügbar,defibrillator,144,node/13450522201,,yes,0,,,"Mo-Fr 06:30-12:00, 13:00-17:30",Strüby Konzept AG,,+41418183570,,,
13511613001,node,47.200962,8.7869721,yes,,,,,,,,"Reception LGT Capital Partners, Schützenstrasse 6 8808 Pfäffikon SZ",Available during opening hours,defibrillator,144,node/13511613001,,yes,0,,,Mo-Fr 08:00-17:00,Office,,+41 58 261 80 00,,,
13520287301,node,47.2020197,8.7798302,,,,,,,,,Zahnarztpraxis Zürichsee,,defibrillator,144,node/13520287301,,yes,2,,,Mo-Fr 08:00-17:30,Zahnarztpraxis Zürichsee,,+41 55 420 25 30,,,
13580358901,node,47.1874658,8.8567752,,,,,,,,,Kindergarten Oberdorf ganz links am Haus,,defibrillator,144,node/13580358901,,yes,0,,,24/7,,,,,,
13586517101,node,46.9990414,8.6247215,,,,,,,,,Aussen an der Hausfassade,Über Tor steigen,defibrillator,144,node/13586517101,,no,,,,24/7,Holcim Schweiz AG,,+41 58 850 11 10,,,
13658498901,node,47.1903245,8.8426909,yes,,,,,,,,Ziegelwies 2,Seitlich am Gebäude,defibrillator,144,node/13658498901,,no,,,,24/7,Gemeinde Altendorf,,+4155 451 77 22,,,
13688979501,node,47.1925006,8.8208438,private,,,,,,,,Eingang Muelibach 7,,defibrillator,144,node/13688979501,,no,5,,,,Privatperson,,+41794446077,,,
13691117001,node,47.1442847,8.9087214,,,,,,,,,Vor Eingang Restaurant Kapelle,,defibrillator,144,node/13691117001,,no,,,,24/7,Restaurant,,+41552833100,,,
